,algorithm,duration,nn,random_state,train_accuracy,test_accuracy,f1_train,f1_test,fitness_curve
0,random_hill_climb,0.11549901962280273,"NeuralNetwork(clip_max=5, early_stopping=True, hidden_nodes=[16])",0,0.8643892339544513,0.8633540372670807,0.0,0.0,"[-0.45291075 -0.45291075 -0.45283927 -0.45283927 -0.45276623 -0.45235624
 -0.45235624 -0.45235624 -0.45224613 -0.45224613 -0.45212694 -0.45212694
 -0.45212346 -0.45212346 -0.45105898 -0.45089091 -0.44989061 -0.44653087
 -0.44645603 -0.44645603 -0.44565465 -0.43782305 -0.43780459 -0.43770818
 -0.43770818 -0.43770818 -0.43770818 -0.43770818 -0.43770818 -0.43770818
 -0.43770818 -0.43770738 -0.43770738 -0.43409968 -0.43409968 -0.43409968
 -0.43323596 -0.43319501 -0.43319356 -0.43319356 -0.43319356 -0.43319356
 -0.43319356 -0.43107278 -0.43101868 -0.43028939 -0.43006261 -0.43006261
 -0.42996413 -0.42996413 -0.42996413 -0.42995758 -0.42995758 -0.42984725
 -0.42984725 -0.4298086  -0.4298086  -0.42850944 -0.42850538 -0.42699854
 -0.42577592 -0.41911112 -0.41911112 -0.41911112 -0.41911058 -0.41910315
 -0.41819105 -0.41819105 -0.41708829 -0.41708829 -0.41629441 -0.41629441
 -0.41629441 -0.41552807 -0.41552807 -0.41493543 -0.41464622 -0.41458511
 -0.41458511 -0.41458511 -0.41458417 -0.41458417 -0.41456708 -0.41456708
 -0.41456708 -0.41456708 -0.41449229 -0.41393627 -0.41333188 -0.41333188
 -0.41309939 -0.4126401  -0.4120218  -0.41199566 -0.41193068 -0.41161289
 -0.41161289 -0.41147061 -0.41147061 -0.41147061]"
1,random_hill_climb,0.07298994064331055,"NeuralNetwork(clip_max=5, early_stopping=True, hidden_nodes=[16])",1,0.13561076604554864,0.13664596273291926,0.23883318140382861,0.24043715846994537,"[-1.39675834 -1.39675834 -1.39675834 -1.39675834 -1.39675834 -1.39675834
 -1.39675834 -1.39675834 -1.39675834 -1.35433665 -1.35433096 -1.3464966
 -1.3464966  -1.3464966  -1.3464966  -1.345328   -1.34501903 -1.34501903
 -1.34501903 -1.33758432 -1.33691766 -1.33691766 -1.33226637 -1.33190418
 -1.33190418 -1.32758611 -1.32124262 -1.3203604  -1.3203604  -1.30581415
 -1.30578034 -1.29852172 -1.29852172 -1.29852172 -1.29408854 -1.28483
 -1.28483    -1.28483    -1.28482062 -1.26048287 -1.26003337 -1.25992614
 -1.25992614 -1.25992614 -1.25992614 -1.25992614 -1.25992614 -1.25904601
 -1.25904601 -1.25818471 -1.23933781 -1.23933781 -1.2392997  -1.19902773
 -1.19813372 -1.19813372 -1.19813372 -1.19813372 -1.19711935 -1.19012418
 -1.156019   -1.15601305 -1.15601305 -1.15601305 -1.15601305 -1.15414905
 -1.15405582 -1.15405582 -1.15405582 -1.15403829 -1.14793591 -1.14793591
 -1.12621443 -1.12621443 -1.12621443 -1.12621443 -1.12621443 -1.10982158
 -1.10982158 -1.10982158 -1.10980057 -1.10980057 -1.09996207 -1.09940871
 -1.09940871 -1.09940871 -1.09940871 -1.09940871 -1.09120345 -1.09120345
 -1.09082168 -1.09082168 -1.08520459 -1.08520459 -1.08148996 -1.07933214
 -1.07617439 -1.07617439 -1.0753575  -1.07445532]"
2,random_hill_climb,0.07327103614807129,"NeuralNetwork(clip_max=5, early_stopping=True, hidden_nodes=[16])",2,0.13561076604554864,0.13664596273291926,0.23883318140382861,0.24043715846994537,"[-1.27116446 -1.27116446 -1.27045123 -1.27017735 -1.27017735 -1.2700995
 -1.2700995  -1.26653647 -1.26628726 -1.26628726 -1.26628726 -1.26628726
 -1.26628726 -1.26628726 -1.26628726 -1.26628726 -1.26628726 -1.26628726
 -1.26619326 -1.26619326 -1.26613528 -1.26338562 -1.26338562 -1.26338562
 -1.2603054  -1.26002724 -1.25995348 -1.25686097 -1.25686097 -1.25686097
 -1.25686097 -1.25626923 -1.25626923 -1.25621704 -1.25416105 -1.25416105
 -1.25416105 -1.25416105 -1.24501379 -1.23965068 -1.23965068 -1.23965068
 -1.23965068 -1.23965068 -1.23664649 -1.23664649 -1.22730958 -1.2267432
 -1.22267038 -1.21283343 -1.20846718 -1.20780812 -1.20682567 -1.20179171
 -1.20179171 -1.19281404 -1.19281404 -1.19279559 -1.1922533  -1.18836951
 -1.18836951 -1.16404218 -1.16006055 -1.15664552 -1.15664552 -1.15664552
 -1.15664552 -1.15664552 -1.15654777 -1.15654777 -1.15452501 -1.15452501
 -1.15441596 -1.1496012  -1.14916045 -1.1473585  -1.1473585  -1.1473585
 -1.1472538  -1.14716415 -1.14686809 -1.14686809 -1.14070105 -1.14070105
 -1.13828066 -1.13828066 -1.09910255 -1.09910255 -1.09910255 -1.09674909
 -1.09418637 -1.09418637 -1.09418637 -1.09354713 -1.09354713 -1.09354713
 -1.09311332 -1.09311332 -1.09311332 -1.09311332]"
3,random_hill_climb,0.05212903022766113,"NeuralNetwork(clip_max=5, early_stopping=True, hidden_nodes=[16])",3,0.13561076604554864,0.13664596273291926,0.23883318140382861,0.24043715846994537,"[-1.26048173 -1.26048173 -1.26032536 -1.26032536 -1.26032536 -1.2503716
 -1.2503716  -1.20632829 -1.20631937 -1.19978089 -1.19978089 -1.19936365
 -1.19936365 -1.19936365 -1.19173098 -1.19168825 -1.18561134 -1.18561134
 -1.18152322 -1.17100432 -1.17100432 -1.135037   -1.135037   -1.12961823
 -1.12961823 -1.12961823 -1.12961823 -1.12948095 -1.12948095 -1.12329715
 -1.12023276 -1.11960701 -1.09216108 -1.09213661 -1.09213661 -1.09213661
 -1.09213661 -1.0868971  -1.0859205  -1.08322903 -1.06424605 -1.06365586
 -1.06202408 -1.06202408 -1.06192661 -1.06189312 -1.0613773  -1.0613773
 -1.0613773  -1.0613773  -1.0574529  -1.0574529  -1.0574529  -1.0574529
 -1.0574529  -1.05745256 -1.05745256 -1.05475476 -1.05393797 -1.05393797
 -1.05393797 -1.05392669 -1.05392669 -1.05392669 -1.05392669 -1.05392669
 -1.05392669 -1.05392669 -1.05392669 -1.05392669 -1.05392669 -1.05392669]"
4,random_hill_climb,0.07215094566345215,"NeuralNetwork(clip_max=5, early_stopping=True, hidden_nodes=[16])",4,0.13561076604554864,0.13664596273291926,0.23883318140382861,0.24043715846994537,"[-0.91927024 -0.91926701 -0.91926701 -0.91926701 -0.91715899 -0.91715899
 -0.91243346 -0.91243346 -0.90943198 -0.90943198 -0.90943198 -0.90943198
 -0.90943198 -0.90943198 -0.90943198 -0.90943198 -0.90943198 -0.90943198
 -0.90935308 -0.90935308 -0.90935308 -0.90935308 -0.90930063 -0.90930063
 -0.90930063 -0.90156353 -0.90156353 -0.90156353 -0.90134446 -0.90019956
 -0.90018228 -0.90018228 -0.90018228 -0.90018228 -0.90018228 -0.90018228
 -0.90013298 -0.899392   -0.89748235 -0.89748235 -0.89748235 -0.89742714
 -0.89742714 -0.89448502 -0.89443625 -0.89443625 -0.8944114  -0.8944114
 -0.8944114  -0.8944114  -0.89350902 -0.89350902 -0.89350902 -0.89350902
 -0.89330891 -0.89330891 -0.89036796 -0.89036796 -0.88986988 -0.88986988
 -0.88985759 -0.88963268 -0.88756115 -0.88756115 -0.88756115 -0.88756115
 -0.88756115 -0.88756115 -0.88756115 -0.88756115 -0.88756115 -0.88756115
 -0.87826714 -0.87774808 -0.87773358 -0.87773358 -0.8522507  -0.8522507
 -0.8522507  -0.8522507  -0.84969728 -0.84969728 -0.84969728 -0.84969728
 -0.84968625 -0.84965089 -0.84897536 -0.84179422 -0.8409966  -0.83939641
 -0.83939641 -0.83939641 -0.83939641 -0.83939641 -0.83939641 -0.83921175
 -0.83800549 -0.83800549 -0.83800549 -0.83800549]"
5,random_hill_climb,0.07488489151000977,"NeuralNetwork(clip_max=5, early_stopping=True, hidden_nodes=[16])",5,0.17598343685300208,0.20082815734989648,0.24763705103969755,0.25482625482625487,"[-1.13327594 -1.13013259 -1.1274503  -1.1274503  -1.1274503  -1.1274503
 -1.12324858 -1.11071078 -1.11071078 -1.11071078 -1.11071078 -1.11071078
 -1.11071078 -1.10640454 -1.10640454 -1.10228812 -1.10228812 -1.10041659
 -1.10041659 -1.10041659 -1.10032886 -1.10032886 -1.09516319 -1.09516319
 -1.09501317 -1.09501317 -1.09501317 -1.09501317 -1.09501317 -1.09501317
 -1.09421873 -1.09421873 -1.09421873 -1.09395194 -1.09395194 -1.09375655
 -1.0912676  -1.0912676  -1.0912676  -1.0912676  -1.08245587 -1.08242028
 -1.0788728  -1.07868116 -1.07811859 -1.07802891 -1.07802891 -1.07802891
 -1.07802891 -1.07802891 -1.07621419 -1.07112928 -1.0322773  -1.03194627
 -1.03117754 -1.03117754 -1.02954921 -0.99068781 -0.99068781 -0.99068781
 -0.98583039 -0.98583039 -0.98469096 -0.98455297 -0.98455297 -0.98062434
 -0.97798639 -0.97798639 -0.94970289 -0.94970289 -0.94970289 -0.94970289
 -0.94970289 -0.94634557 -0.94298406 -0.93863189 -0.93863189 -0.93863189
 -0.93863189 -0.93639459 -0.93639459 -0.93622902 -0.93622902 -0.93608982
 -0.93451238 -0.89455957 -0.89455957 -0.89455957 -0.89455957 -0.89116377
 -0.89116377 -0.89116377 -0.89116377 -0.89082557 -0.89082557 -0.88586861
 -0.88486292 -0.88486292 -0.88162701 -0.88019992]"
6,random_hill_climb,0.07397794723510742,"NeuralNetwork(clip_max=5, early_stopping=True, hidden_nodes=[16])",6,0.8643892339544513,0.8633540372670807,0.0,0.0,"[-0.64399861 -0.64383515 -0.64383515 -0.64383515 -0.62359687 -0.61593695
 -0.60469882 -0.60283918 -0.60283918 -0.60283918 -0.60281568 -0.60281568
 -0.60278682 -0.60278682 -0.60278682 -0.60278682 -0.60278682 -0.60278682
 -0.60273364 -0.60273364 -0.60273364 -0.60044623 -0.60044623 -0.5975513
 -0.5975513  -0.5975513  -0.5975513  -0.59675472 -0.58065891 -0.57830494
 -0.57830494 -0.57830494 -0.57830494 -0.57830494 -0.57815823 -0.57814629
 -0.57814629 -0.57814629 -0.57662457 -0.57657097 -0.57294307 -0.57290336
 -0.57290336 -0.57246025 -0.57221824 -0.57202483 -0.57125211 -0.57125211
 -0.57125211 -0.57125211 -0.57125211 -0.57124979 -0.57124979 -0.57124979
 -0.57124979 -0.57124979 -0.56308681 -0.56308681 -0.56308472 -0.56169885
 -0.56169885 -0.55934495 -0.55795595 -0.55690404 -0.55690404 -0.55556167
 -0.5548879  -0.55434597 -0.55417585 -0.5539791  -0.54488253 -0.54447519
 -0.54447519 -0.54435725 -0.54435725 -0.54435725 -0.54435725 -0.54435725
 -0.54435725 -0.54435725 -0.5443287  -0.5443287  -0.54239657 -0.54239657
 -0.54239657 -0.54239657 -0.542205   -0.5286515  -0.52861832 -0.52853688
 -0.52647901 -0.52646302 -0.52626577 -0.52626577 -0.51794053 -0.51191694
 -0.51191694 -0.51016626 -0.50873986 -0.50873986]"
7,random_hill_climb,0.08130192756652832,"NeuralNetwork(clip_max=5, early_stopping=True, hidden_nodes=[16])",7,0.8649068322981367,0.8633540372670807,0.015094339622641508,0.0,"[-0.69126055 -0.68948    -0.68948    -0.68940768 -0.68925505 -0.68889066
 -0.68781245 -0.68756517 -0.68756517 -0.6835621  -0.6835621  -0.6835621
 -0.6835621  -0.6835621  -0.68353139 -0.68148235 -0.67897845 -0.6778648
 -0.67770898 -0.67770898 -0.67770898 -0.67524434 -0.67524434 -0.67473864
 -0.67473864 -0.67473864 -0.67473864 -0.67425341 -0.65534671 -0.65177474
 -0.65056653 -0.65056653 -0.65056653 -0.64856674 -0.64325781 -0.62661256
 -0.62661256 -0.62661256 -0.62572216 -0.62572216 -0.62551768 -0.62544771
 -0.62544771 -0.60802667 -0.60802667 -0.60682105 -0.60682105 -0.60682105
 -0.5951895  -0.5951895  -0.58897701 -0.58219716 -0.58039914 -0.57919912
 -0.57886967 -0.57841866 -0.57841866 -0.57800157 -0.57678134 -0.57574419
 -0.57546954 -0.57359905 -0.57012728 -0.56429431 -0.56429431 -0.56368205
 -0.56368205 -0.56358714 -0.56358714 -0.56358714 -0.56358714 -0.56253532
 -0.55913432 -0.55913432 -0.55877682 -0.55716577 -0.55716577 -0.5569929
 -0.55696458 -0.55689498 -0.55689498 -0.55689498 -0.55689498 -0.55462532
 -0.55459946 -0.55459946 -0.55454112 -0.54319634 -0.54282121 -0.54101052
 -0.54101052 -0.54101052 -0.54101052 -0.53017893 -0.52971453 -0.52916318
 -0.52916318 -0.52916318 -0.52916318 -0.52916318]"
8,random_hill_climb,0.07793784141540527,"NeuralNetwork(clip_max=5, early_stopping=True, hidden_nodes=[16])",8,0.13561076604554864,0.13664596273291926,0.23883318140382861,0.24043715846994537,"[-1.79538136 -1.79538136 -1.79538136 -1.79538136 -1.79532174 -1.75604042
 -1.74793104 -1.74793104 -1.74793104 -1.74793104 -1.74793104 -1.74793104
 -1.74793104 -1.74383728 -1.74383728 -1.70229774 -1.70214136 -1.70214136
 -1.70099245 -1.70099245 -1.69276347 -1.69242578 -1.69242578 -1.68821606
 -1.67999072 -1.67983094 -1.67562603 -1.66001366 -1.6548798  -1.6548798
 -1.6548798  -1.65349996 -1.64916042 -1.64916042 -1.64084372 -1.64083755
 -1.63651974 -1.63617236 -1.63617236 -1.63610229 -1.63587666 -1.63587666
 -1.63072732 -1.62982559 -1.62702705 -1.5954087  -1.5954087  -1.58250277
 -1.58116983 -1.57948922 -1.57948922 -1.57948922 -1.57948922 -1.53233876
 -1.53216813 -1.52425385 -1.48382645 -1.47992905 -1.47992905 -1.47992905
 -1.47992905 -1.47992905 -1.47990653 -1.47682354 -1.4642108  -1.4642108
 -1.4642108  -1.46345097 -1.45938381 -1.45089875 -1.45089875 -1.45089875
 -1.45089875 -1.45089875 -1.45089875 -1.45089875 -1.44848998 -1.41088386
 -1.41088386 -1.41088386 -1.39148702 -1.38759936 -1.38187735 -1.38187735
 -1.38187735 -1.36702194 -1.36477155 -1.36408079 -1.36408079 -1.36408079
 -1.35670616 -1.35670616 -1.35670616 -1.35670616 -1.35419758 -1.34641657
 -1.34641657 -1.34641657 -1.34524208 -1.34524208]"
9,random_hill_climb,0.07692217826843262,"NeuralNetwork(clip_max=5, early_stopping=True, hidden_nodes=[16])",9,0.8649068322981367,0.8633540372670807,0.0076045627376425855,0.0,"[-0.63454712 -0.63454712 -0.6328343  -0.6328343  -0.62965976 -0.62965976
 -0.62965976 -0.62965976 -0.6296411  -0.62855231 -0.62644618 -0.62313601
 -0.62124632 -0.6209014  -0.60424692 -0.59951678 -0.59951678 -0.59816804
 -0.59785656 -0.59785656 -0.59775797 -0.59775797 -0.59775797 -0.59491864
 -0.59491864 -0.59254997 -0.59254997 -0.59241063 -0.59241063 -0.59089307
 -0.59039279 -0.59039279 -0.5901729  -0.58844985 -0.58816594 -0.58816594
 -0.58816594 -0.58816594 -0.58687791 -0.58687791 -0.58347054 -0.58347054
 -0.58064258 -0.58064258 -0.57911518 -0.57911518 -0.57576035 -0.57576035
 -0.57576035 -0.57574574 -0.57574574 -0.57574574 -0.57574574 -0.57574574
 -0.57574574 -0.57574574 -0.57279374 -0.56530135 -0.56530135 -0.56530135
 -0.5499336  -0.5498159  -0.5498159  -0.5488662  -0.53241611 -0.53241611
 -0.53241419 -0.5290872  -0.5290872  -0.5290872  -0.52862222 -0.52862222
 -0.52862222 -0.52862222 -0.52862222 -0.52862222 -0.52836426 -0.52836426
 -0.52776598 -0.52774929 -0.52771343 -0.52771343 -0.52771343 -0.52629694
 -0.5260978  -0.52569657 -0.51247853 -0.5112943  -0.51092415 -0.51092415
 -0.51092415 -0.5109145  -0.51082342 -0.51082342 -0.51082342 -0.51079118
 -0.51010226 -0.51010226 -0.51010226 -0.50893895]"
10,random_hill_climb,0.07544183731079102,"NeuralNetwork(clip_max=5, early_stopping=True, hidden_nodes=[16])",10,0.6708074534161491,0.7101449275362319,0.21867321867321868,0.2553191489361702,"[-0.80783395 -0.80781355 -0.80781355 -0.80775944 -0.79901158 -0.79749622
 -0.79739036 -0.79729633 -0.79622927 -0.79622927 -0.79147521 -0.79147521
 -0.79147521 -0.7908321  -0.7908321  -0.7908321  -0.78612689 -0.78484388
 -0.76318326 -0.75662639 -0.75662639 -0.75662639 -0.75643862 -0.75643862
 -0.75643862 -0.75643862 -0.75643862 -0.75643862 -0.75594848 -0.75594848
 -0.75594848 -0.75593838 -0.75593838 -0.75593838 -0.75308726 -0.75308726
 -0.75308726 -0.75308726 -0.75308726 -0.75308726 -0.75305829 -0.7529987
 -0.7317321  -0.73165243 -0.73165243 -0.73158491 -0.73158197 -0.73048565
 -0.72969502 -0.72969502 -0.72793523 -0.72793523 -0.72793523 -0.72793523
 -0.72793523 -0.72785257 -0.72785257 -0.72785257 -0.72785257 -0.72770824
 -0.72657023 -0.71467838 -0.71423455 -0.71423455 -0.71423455 -0.71423455
 -0.71423455 -0.71423455 -0.71423455 -0.71423455 -0.71423455 -0.71423391
 -0.71317956 -0.71317956 -0.71016945 -0.7101635  -0.70655489 -0.68455941
 -0.68455941 -0.68430839 -0.68430133 -0.66524356 -0.66524356 -0.66040017
 -0.6603909  -0.65675333 -0.65675333 -0.65670297 -0.65670297 -0.65670297
 -0.65670297 -0.65670297 -0.65670297 -0.65638897 -0.65638865 -0.65394475
 -0.65315151 -0.65259551 -0.64567904 -0.64567904]"
11,random_hill_climb,0.07199215888977051,"NeuralNetwork(clip_max=5, early_stopping=True, hidden_nodes=[16])",11,0.8643892339544513,0.8633540372670807,0.0,0.0,"[-0.58626779 -0.58542582 -0.58542582 -0.58534808 -0.58534808 -0.58534808
 -0.58341528 -0.58341528 -0.58341528 -0.58092784 -0.58076096 -0.58074657
 -0.58074657 -0.57337664 -0.5711803  -0.5711803  -0.5711803  -0.57111967
 -0.56875348 -0.56538921 -0.55172423 -0.55172423 -0.55172423 -0.54831889
 -0.54831889 -0.54660174 -0.54660174 -0.54660174 -0.53046807 -0.53046474
 -0.53046474 -0.53046474 -0.53046474 -0.53046474 -0.53046474 -0.53043695
 -0.52998071 -0.52998071 -0.52125561 -0.51308425 -0.51239126 -0.51239126
 -0.51119329 -0.51119329 -0.50182165 -0.50182165 -0.50182165 -0.49789615
 -0.49789615 -0.49789615 -0.49789615 -0.49789615 -0.49655621 -0.49655621
 -0.49655621 -0.49655621 -0.49655621 -0.49655577 -0.49654355 -0.49654355
 -0.49654355 -0.49654355 -0.49654355 -0.49654355 -0.48819302 -0.48819302
 -0.48819302 -0.48819302 -0.48189897 -0.48189897 -0.48185999 -0.48048952
 -0.47995221 -0.46978081 -0.46830207 -0.46588917 -0.46585892 -0.46577434
 -0.46577434 -0.46577434 -0.46240216 -0.46130687 -0.46123367 -0.46054056
 -0.46054056 -0.46054056 -0.46054056 -0.45926435 -0.45874202 -0.45874202
 -0.45871969 -0.45560614 -0.45468028 -0.45468028 -0.45468028 -0.45468028
 -0.45395781 -0.45340722 -0.45340722 -0.45340722]"
12,random_hill_climb,0.07724499702453613,"NeuralNetwork(clip_max=5, early_stopping=True, hidden_nodes=[16])",12,0.8664596273291926,0.8633540372670807,0.03731343283582089,0.0,"[-0.6130235  -0.61282226 -0.61282226 -0.61260822 -0.61173339 -0.61170065
 -0.61126931 -0.61084213 -0.61084213 -0.60759209 -0.60754899 -0.60120909
 -0.60120009 -0.59571743 -0.59571743 -0.59216513 -0.59206415 -0.59144678
 -0.59144678 -0.59141291 -0.589816   -0.589816   -0.58889424 -0.58889424
 -0.58889424 -0.58372725 -0.58294288 -0.57955332 -0.57935844 -0.57935844
 -0.56388155 -0.56388155 -0.56388155 -0.56388155 -0.56388155 -0.5606291
 -0.56034421 -0.55718066 -0.55718066 -0.55718066 -0.55705752 -0.55582778
 -0.55563398 -0.55396536 -0.55396536 -0.55396536 -0.55396536 -0.55380827
 -0.55380827 -0.55373558 -0.55320304 -0.54986743 -0.54868738 -0.54868738
 -0.54710723 -0.54710723 -0.54710723 -0.54710723 -0.54418604 -0.5440067
 -0.5440067  -0.5440067  -0.5440067  -0.5440067  -0.54390996 -0.54385374
 -0.54226606 -0.54225296 -0.53352681 -0.53285255 -0.53266402 -0.53252755
 -0.53252755 -0.53252755 -0.53213957 -0.53183183 -0.53147567 -0.53116964
 -0.5300813  -0.5300813  -0.5300813  -0.5300813  -0.53004277 -0.53004277
 -0.53004277 -0.52988894 -0.52988894 -0.52802138 -0.52802138 -0.52802138
 -0.5279798  -0.5279798  -0.5279798  -0.5279798  -0.5279798  -0.5279798
 -0.52796643 -0.52276515 -0.52261087 -0.52261087]"
13,random_hill_climb,0.07604002952575684,"NeuralNetwork(clip_max=5, early_stopping=True, hidden_nodes=[16])",13,0.8643892339544513,0.8633540372670807,0.0,0.0,"[-0.43487358 -0.43487358 -0.43487358 -0.43487358 -0.43487358 -0.43369569
 -0.43205713 -0.43205713 -0.43197892 -0.43197892 -0.43048165 -0.43043421
 -0.43041858 -0.43041858 -0.43038697 -0.42999457 -0.42824977 -0.42743848
 -0.4251643  -0.4251643  -0.42369946 -0.42363007 -0.42363007 -0.42363007
 -0.42238125 -0.42095059 -0.42095059 -0.420942   -0.42092249 -0.42092249
 -0.42092249 -0.41972654 -0.41972654 -0.41972654 -0.41972654 -0.41836037
 -0.41828426 -0.41820582 -0.41820582 -0.41820582 -0.41820582 -0.41696945
 -0.41696945 -0.41696945 -0.41696945 -0.41696945 -0.41688749 -0.41529634
 -0.41389738 -0.41389738 -0.41329635 -0.41294681 -0.4126558  -0.41262023
 -0.41262023 -0.41262023 -0.41262023 -0.41229232 -0.41229232 -0.41229232
 -0.41229232 -0.41229232 -0.41155224 -0.41155224 -0.41155224 -0.41155224
 -0.41155224 -0.41155224 -0.41152777 -0.41152777 -0.41137396 -0.41133376
 -0.41129324 -0.41129324 -0.41034948 -0.41034948 -0.40908379 -0.40908379
 -0.40908379 -0.40904919 -0.4081051  -0.4081051  -0.40156713 -0.40020064
 -0.40020064 -0.40020064 -0.39924134 -0.39835185 -0.39813523 -0.39750863
 -0.39588324 -0.39588324 -0.39588324 -0.39585235 -0.39585235 -0.39585235
 -0.39585235 -0.39585235 -0.39585235 -0.39458309]"
14,random_hill_climb,0.07215189933776855,"NeuralNetwork(clip_max=5, early_stopping=True, hidden_nodes=[16])",14,0.8643892339544513,0.8633540372670807,0.0,0.0,"[-0.46677201 -0.46677201 -0.46594816 -0.4656723  -0.46513999 -0.46513999
 -0.46253942 -0.46248171 -0.46246984 -0.46246984 -0.46246984 -0.46234761
 -0.45411285 -0.45411285 -0.45329571 -0.45329571 -0.45329571 -0.4513846
 -0.4513846  -0.45117513 -0.45005618 -0.45005618 -0.45005618 -0.45005618
 -0.44955891 -0.44955891 -0.44753945 -0.44753945 -0.44753945 -0.44753945
 -0.44753945 -0.4422655  -0.4422655  -0.44222995 -0.44220594 -0.44212995
 -0.44212995 -0.44074647 -0.44050052 -0.44050052 -0.43523336 -0.43523336
 -0.42944797 -0.42944797 -0.42905018 -0.42905018 -0.42905018 -0.42905018
 -0.42371329 -0.42371329 -0.42371329 -0.41977347 -0.41977347 -0.41977347
 -0.41977347 -0.41941236 -0.41941236 -0.41941236 -0.41941236 -0.41941236
 -0.4175013  -0.4175013  -0.4175013  -0.41739786 -0.41734184 -0.41734184
 -0.41734184 -0.41683495 -0.41683495 -0.41608102 -0.41605648 -0.41605648
 -0.41605648 -0.41602041 -0.41602041 -0.41493571 -0.41493571 -0.41493571
 -0.41493571 -0.41486923 -0.41435346 -0.41430213 -0.41430213 -0.41426771
 -0.41426771 -0.41426422 -0.41332945 -0.41055169 -0.41055169 -0.41055169
 -0.41055169 -0.41055169 -0.41055169 -0.41054191 -0.40935539 -0.40931539
 -0.40931539 -0.40931539 -0.40931539 -0.40927955]"
15,random_hill_climb,0.08089709281921387,"NeuralNetwork(clip_max=5, early_stopping=True, hidden_nodes=[16])",15,0.12681159420289856,0.12629399585921325,0.22150438394093216,0.22426470588235292,"[-1.45387231 -1.45387231 -1.4454111  -1.4454111  -1.44477237 -1.43727127
 -1.43727127 -1.43669464 -1.43664721 -1.42839287 -1.41527805 -1.41304881
 -1.41304881 -1.40498993 -1.39194514 -1.3794334  -1.3794334  -1.3794334
 -1.3794334  -1.3794334  -1.37596248 -1.37596248 -1.36274752 -1.36274752
 -1.36153931 -1.360376   -1.35902024 -1.35902024 -1.35902024 -1.35902024
 -1.35902024 -1.35895171 -1.35642086 -1.32745818 -1.32533445 -1.32533445
 -1.32533445 -1.32409032 -1.32409032 -1.32402428 -1.32402428 -1.32402428
 -1.32402428 -1.32402428 -1.32402428 -1.32402428 -1.32357593 -1.32357593
 -1.32357593 -1.30946565 -1.30576583 -1.30576583 -1.30576583 -1.3057176
 -1.30303327 -1.30303327 -1.29100158 -1.29100158 -1.28929981 -1.28929981
 -1.28465226 -1.28233445 -1.28081678 -1.28081678 -1.24090053 -1.24077934
 -1.24077934 -1.23969082 -1.23969082 -1.23271649 -1.23269039 -1.23195908
 -1.23195908 -1.23195908 -1.23195908 -1.21897343 -1.21897343 -1.21555596
 -1.21503535 -1.21500841 -1.21470299 -1.21470299 -1.201355   -1.20121515
 -1.19054416 -1.18346551 -1.16963778 -1.16960669 -1.16960669 -1.16960669
 -1.16960669 -1.16960669 -1.16960669 -1.15990782 -1.15990782 -1.15938547
 -1.15808074 -1.15808074 -1.15808074 -1.15808074]"
16,random_hill_climb,0.07480812072753906,"NeuralNetwork(clip_max=5, early_stopping=True, hidden_nodes=[16])",16,0.13561076604554864,0.13664596273291926,0.23883318140382861,0.24043715846994537,"[-2.22280345 -2.22280345 -2.22280345 -2.22280345 -2.22071805 -2.22071805
 -2.22061504 -2.22061504 -2.17128894 -2.17128894 -2.16892795 -2.12716147
 -2.12443711 -2.1119932  -2.11158184 -2.11158184 -2.11158184 -2.11158184
 -2.06975288 -2.06926179 -2.06926179 -2.066931   -2.066931   -2.06433161
 -2.06023592 -2.05653821 -2.04904345 -2.04549187 -2.04549187 -2.04247941
 -2.01136207 -2.0111433  -2.00629371 -1.97956769 -1.97655772 -1.9745888
 -1.9745888  -1.97341898 -1.97159814 -1.97159814 -1.97159814 -1.97159814
 -1.97159814 -1.97159814 -1.97159814 -1.97159814 -1.97109787 -1.97103217
 -1.97103217 -1.97103217 -1.97001035 -1.96717622 -1.96717622 -1.96717082
 -1.96615402 -1.96564407 -1.96564407 -1.96205125 -1.95431337 -1.95431337
 -1.95241995 -1.95000785 -1.95000785 -1.94280488 -1.9379891  -1.92692513
 -1.92678988 -1.92678988 -1.92678988 -1.91775605 -1.91775605 -1.91775605
 -1.91775605 -1.91775605 -1.91775605 -1.91775605 -1.91775605 -1.91702343
 -1.91433424 -1.91382169 -1.91382169 -1.91382169 -1.91326496 -1.91322373
 -1.90729706 -1.90729706 -1.90729706 -1.90452203 -1.90452203 -1.90452203
 -1.90452203 -1.90353041 -1.90299705 -1.89897926 -1.89897699 -1.89897699
 -1.89405971 -1.89405971 -1.89405971 -1.89405971]"
17,random_hill_climb,0.07595324516296387,"NeuralNetwork(clip_max=5, early_stopping=True, hidden_nodes=[16])",17,0.13561076604554864,0.13664596273291926,0.23883318140382861,0.24043715846994537,"[-1.57017313 -1.57017313 -1.57017313 -1.56822508 -1.56546993 -1.52845104
 -1.51129027 -1.50487064 -1.50487064 -1.49397141 -1.48845115 -1.48845115
 -1.48845115 -1.46136378 -1.46136378 -1.46122898 -1.46029943 -1.46029943
 -1.46029943 -1.46016299 -1.44985272 -1.44985272 -1.44985272 -1.44985272
 -1.40591388 -1.40591388 -1.40591388 -1.40591388 -1.36693225 -1.35614622
 -1.35605711 -1.35605711 -1.35583216 -1.34990497 -1.34990497 -1.34990497
 -1.34940542 -1.34940542 -1.34394492 -1.34394492 -1.34394492 -1.34394492
 -1.34394492 -1.34377878 -1.34377878 -1.33894859 -1.33510582 -1.3350234
 -1.29702133 -1.28662128 -1.28493501 -1.28493501 -1.28480748 -1.28480748
 -1.28417515 -1.28386497 -1.28386497 -1.27893996 -1.27893229 -1.27893229
 -1.25651297 -1.25631515 -1.25631515 -1.25631515 -1.25630723 -1.25630723
 -1.25630723 -1.25628138 -1.2560461  -1.2557881  -1.25433971 -1.25433971
 -1.24975898 -1.24799065 -1.24565122 -1.24555682 -1.24242477 -1.24242477
 -1.24209109 -1.24209109 -1.22352219 -1.21051297 -1.21051297 -1.20443434
 -1.20443434 -1.20443434 -1.20443434 -1.20197338 -1.20152674 -1.18375373
 -1.18375373 -1.18375373 -1.18375373 -1.18295401 -1.18097235 -1.17984948
 -1.14916386 -1.14781789 -1.14781789 -1.14781789]"
18,random_hill_climb,0.07590794563293457,"NeuralNetwork(clip_max=5, early_stopping=True, hidden_nodes=[16])",18,0.13561076604554864,0.13664596273291926,0.23883318140382861,0.24043715846994537,"[-1.32519954 -1.32519954 -1.32413278 -1.32413278 -1.32413278 -1.32413278
 -1.32413278 -1.32327544 -1.29374064 -1.29374064 -1.29373354 -1.28594007
 -1.28594007 -1.28594007 -1.28545851 -1.28545851 -1.2836717  -1.28351487
 -1.26289935 -1.26289024 -1.26070865 -1.26070865 -1.26000062 -1.25967465
 -1.25624075 -1.25624075 -1.25482272 -1.24631352 -1.24631352 -1.23710206
 -1.23121002 -1.22706709 -1.22702719 -1.22638846 -1.22638846 -1.22534917
 -1.21676938 -1.21676938 -1.21676938 -1.21676938 -1.21676938 -1.2165892
 -1.2165892  -1.19663321 -1.19326554 -1.18903374 -1.1853324  -1.18165268
 -1.18071114 -1.18071114 -1.18071114 -1.1804625  -1.1804625  -1.1804625
 -1.18031051 -1.17983417 -1.17441883 -1.17441883 -1.17441883 -1.17441883
 -1.17426525 -1.16541681 -1.16480538 -1.16480538 -1.16480538 -1.16480538
 -1.16417231 -1.16417231 -1.16417231 -1.16385878 -1.14025453 -1.14025453
 -1.14024713 -1.13788673 -1.13788673 -1.13788673 -1.13377848 -1.13377848
 -1.13377848 -1.13332148 -1.09707047 -1.09694929 -1.09675866 -1.09675866
 -1.09644512 -1.09644512 -1.09600606 -1.09600606 -1.09516168 -1.09516168
 -1.09460476 -1.08623768 -1.07648182 -1.07648182 -1.07598164 -1.07598164
 -1.07568777 -1.07223487 -1.07223487 -1.07223487]"
19,random_hill_climb,0.07710504531860352,"NeuralNetwork(clip_max=5, early_stopping=True, hidden_nodes=[16])",19,0.13612836438923395,0.13664596273291926,0.2389420884632923,0.24043715846994537,"[-1.45661955 -1.45661955 -1.45661955 -1.45661955 -1.45472787 -1.45164605
 -1.44882404 -1.44882404 -1.44882404 -1.44882404 -1.44882404 -1.44882404
 -1.44882404 -1.44586756 -1.44586756 -1.44586756 -1.44313311 -1.44268861
 -1.44268861 -1.44268861 -1.44268861 -1.44238296 -1.44238296 -1.43963219
 -1.43963219 -1.39175027 -1.39175027 -1.38894531 -1.38337642 -1.38265089
 -1.38265089 -1.38170475 -1.3725872  -1.3725872  -1.36875734 -1.36747224
 -1.36704093 -1.3277714  -1.3277714  -1.3277714  -1.3277714  -1.32747645
 -1.32747645 -1.29548057 -1.29290537 -1.2894952  -1.2894952  -1.28919958
 -1.28919958 -1.28919958 -1.28919958 -1.2866099  -1.2866099  -1.28348391
 -1.28348391 -1.28348391 -1.28348391 -1.27947289 -1.27860094 -1.27575843
 -1.26519672 -1.26253194 -1.26065847 -1.26065847 -1.26065847 -1.25914021
 -1.25914021 -1.25914021 -1.25914021 -1.25888895 -1.25877055 -1.25877055
 -1.25877055 -1.25877055 -1.25452301 -1.25360494 -1.25360494 -1.25360494
 -1.25355924 -1.25349232 -1.25349232 -1.25256693 -1.25256693 -1.22239199
 -1.21995838 -1.21995838 -1.21942244 -1.21942244 -1.21784898 -1.17908197
 -1.17908197 -1.17693146 -1.17693146 -1.17635443 -1.17635443 -1.17626596
 -1.17626596 -1.17088628 -1.17044723 -1.16895773]"
20,simulated_annealing,0.09986686706542969,"NeuralNetwork(clip_max=5, early_stopping=True, hidden_nodes=[16])",0,0.6304347826086957,0.6418219461697723,0.16783216783216784,0.14778325123152708,"[-0.76644363 -0.76189837 -0.76193154 -0.7645573  -0.76184495 -0.78091608
 -0.78333521 -0.78167888 -0.78168671 -0.7792876  -0.75035293 -0.75196701
 -0.75196701 -0.75147958 -0.75580317 -0.76028336 -0.75487973 -0.77057212
 -0.76657626 -0.75601266 -0.75583845 -0.7575238  -0.75750562 -0.73595095
 -0.73660087 -0.74116099 -0.74091135 -0.74122646 -0.71616722 -0.71614984
 -0.71984252 -0.74183122 -0.74195454 -0.74204618 -0.73994421 -0.73641047
 -0.73268949 -0.73269084 -0.73261427 -0.73384503 -0.7333544  -0.73965903
 -0.70939812 -0.70932975 -0.71491934 -0.71730247 -0.71486195 -0.71426877
 -0.71434849 -0.71676697 -0.71643252 -0.71352142 -0.70997761 -0.71004186
 -0.71330411 -0.71596657 -0.71567933 -0.71649996 -0.7197882  -0.71940549
 -0.71934278 -0.72678364 -0.72630521 -0.7267937  -0.72477487 -0.70182616
 -0.68971045 -0.68773422 -0.68774003 -0.68749177 -0.68371791 -0.68373574
 -0.68371791 -0.7018812  -0.69807756 -0.69662942 -0.69486728 -0.69185555
 -0.69157437 -0.6861859  -0.68632084 -0.68601689 -0.68247986 -0.68240338
 -0.68420183 -0.68382223 -0.68375194 -0.6845489  -0.68631094 -0.68294309
 -0.684343   -0.68485239 -0.68874362 -0.69088414 -0.69093883 -0.69288552
 -0.69480807 -0.69299005 -0.69328409 -0.69015307]"
21,simulated_annealing,0.09929895401000977,"NeuralNetwork(clip_max=5, early_stopping=True, hidden_nodes=[16])",1,0.13561076604554864,0.13664596273291926,0.23883318140382861,0.24043715846994537,"[-1.39989501 -1.40122031 -1.40512439 -1.4062343  -1.40662448 -1.40663162
 -1.40786857 -1.40895113 -1.40862291 -1.43368219 -1.42602748 -1.42534532
 -1.42546539 -1.42590229 -1.42141849 -1.41481965 -1.41389174 -1.41394515
 -1.41389174 -1.40713613 -1.44001693 -1.43531949 -1.42566379 -1.42597551
 -1.42596393 -1.40019324 -1.39969918 -1.39957809 -1.40275727 -1.40273037
 -1.41507825 -1.41412454 -1.41656407 -1.3963221  -1.39634627 -1.35241276
 -1.35144618 -1.39606217 -1.3985736  -1.39093476 -1.35501739 -1.35500544
 -1.36017343 -1.36018548 -1.36015263 -1.35919457 -1.36662051 -1.33789878
 -1.33132132 -1.33723661 -1.34071866 -1.34074066 -1.34282757 -1.34576821
 -1.34576201 -1.34690267 -1.34626574 -1.35090291 -1.34230001 -1.34234072
 -1.33394721 -1.36462826 -1.36472536 -1.36624465 -1.36367386 -1.36119669
 -1.36247963 -1.35334184 -1.35302673 -1.35287609 -1.3529059  -1.34994905
 -1.35036689 -1.35870409 -1.35864591 -1.36375037 -1.36489061 -1.39396504
 -1.38429861 -1.38965939 -1.38131565 -1.38653937 -1.38620396 -1.3858955
 -1.39693678 -1.39961031 -1.37445813 -1.37409913 -1.34875015 -1.34986606
 -1.35528065 -1.32467905 -1.33445459 -1.33986467 -1.33933668 -1.34031469
 -1.33588585 -1.33538347 -1.33755824 -1.29330792]"
22,simulated_annealing,0.0999608039855957,"NeuralNetwork(clip_max=5, early_stopping=True, hidden_nodes=[16])",2,0.13561076604554864,0.13664596273291926,0.23883318140382861,0.24043715846994537,"[-1.27117313 -1.27045888 -1.27018417 -1.27077958 -1.27078758 -1.27053783
 -1.27115628 -1.29810915 -1.29875562 -1.29492709 -1.29821067 -1.29811827
 -1.30366044 -1.30087722 -1.33657461 -1.33337739 -1.33309247 -1.33301783
 -1.32981247 -1.33367848 -1.37000872 -1.36689645 -1.36670753 -1.37077137
 -1.37875954 -1.4173062  -1.41159253 -1.41160009 -1.41494462 -1.41160009
 -1.41192835 -1.39274883 -1.41192835 -1.41416063 -1.4130972  -1.40745026
 -1.4079106  -1.41381372 -1.41313568 -1.40876599 -1.4108823  -1.41189133
 -1.45685978 -1.45651786 -1.49632914 -1.49628328 -1.50672673 -1.50685669
 -1.50154184 -1.50094352 -1.498618   -1.4997055  -1.49961788 -1.49957929
 -1.49928215 -1.50037675 -1.50288592 -1.54197903 -1.54239475 -1.54820814
 -1.51853083 -1.53038446 -1.52466052 -1.53300744 -1.5324681  -1.54419903
 -1.5495336  -1.55738116 -1.55764767 -1.55396651 -1.55782576 -1.56196328
 -1.55122699 -1.53910948 -1.5367584  -1.58701003 -1.59931494 -1.6031746
 -1.59897035 -1.59893848 -1.59896573 -1.59894196 -1.59290163 -1.59561514
 -1.5947569  -1.60564053 -1.61355982 -1.61297386 -1.61258917 -1.612604
 -1.61179206 -1.58629008 -1.58630982 -1.59305841 -1.5877482  -1.59539377
 -1.5949791  -1.62280574 -1.61508934 -1.6185942 ]"
23,simulated_annealing,0.09611296653747559,"NeuralNetwork(clip_max=5, early_stopping=True, hidden_nodes=[16])",3,0.13561076604554864,0.13664596273291926,0.23883318140382861,0.24043715846994537,"[-1.26870959 -1.26855249 -1.27613145 -1.28187625 -1.28178399 -1.23704755
 -1.23703925 -1.23041293 -1.23136134 -1.23087364 -1.22919506 -1.2110689
 -1.21755816 -1.1756421  -1.17009362 -1.1577429  -1.16107911 -1.16413153
 -1.17386745 -1.17376216 -1.17390875 -1.17647778 -1.17376117 -1.17312264
 -1.14479423 -1.14476251 -1.17951445 -1.17852641 -1.17363875 -1.17263712
 -1.16975531 -1.15040207 -1.14979142 -1.15076312 -1.15066069 -1.15061717
 -1.15007443 -1.16123047 -1.20618557 -1.20628657 -1.23120427 -1.22972702
 -1.22871261 -1.21715271 -1.217243   -1.217394   -1.18193798 -1.18196538
 -1.18216306 -1.18220114 -1.20191871 -1.20292476 -1.20031816 -1.2252361
 -1.22521868 -1.22466549 -1.22135398 -1.21760726 -1.22412579 -1.24434212
 -1.24500838 -1.2521589  -1.25216182 -1.22790964 -1.22277059 -1.22277163
 -1.22004938 -1.22007312 -1.2202234  -1.21826759 -1.21806411 -1.21859695
 -1.21849566 -1.21848632 -1.21503861 -1.21505585 -1.22084948 -1.21766023
 -1.21215654 -1.21955016 -1.21676817 -1.22044448 -1.2206563  -1.21425588
 -1.21425481 -1.2142525  -1.21425538 -1.21135407 -1.21150624 -1.21135631
 -1.20706861 -1.2082498  -1.20867788 -1.20776626 -1.20828154 -1.20860316
 -1.20845949 -1.1647689  -1.17175384 -1.17189478]"
24,simulated_annealing,0.09693384170532227,"NeuralNetwork(clip_max=5, early_stopping=True, hidden_nodes=[16])",4,0.13561076604554864,0.13664596273291926,0.23883318140382861,0.24043715846994537,"[-0.91927024 -0.91926701 -0.92135924 -0.91926701 -0.92001452 -0.91220401
 -0.91014855 -0.9101479  -0.9127743  -0.94520314 -0.94526489 -0.94676212
 -0.94975828 -0.949566   -0.94958799 -0.95085199 -0.98709156 -0.98703853
 -0.98506829 -0.981143   -0.98449933 -0.98319338 -0.98318739 -0.98419272
 -0.98419883 -0.9844241  -0.98441799 -0.94944303 -0.98728798 -0.9859427
 -0.98790575 -0.98782979 -0.98880249 -0.98876097 -0.98883575 -0.99944626
 -1.00044485 -1.00119357 -1.00117079 -0.99791062 -0.99773995 -0.99719073
 -1.00009493 -1.00026618 -1.0034514  -1.0036798  -1.00370203 -1.00454238
 -1.00583755 -1.00528297 -1.00529344 -0.97758981 -0.98483283 -0.98808701
 -0.98831509 -0.9903378  -0.99029528 -0.98946216 -0.98127596 -0.98035174
 -0.97732466 -0.9774693  -0.98126282 -0.98119958 -0.9834111  -0.98223884
 -0.99777238 -1.00150003 -1.01740129 -1.01779318 -1.01761475 -1.02350121
 -1.02352345 -1.02416613 -1.02716388 -1.02740631 -1.02740633 -1.03305694
 -1.03061447 -1.03024719 -1.03337435 -1.03322125 -1.03417798 -1.03437005
 -1.02793709 -1.03840344 -1.04704854 -1.04400764 -1.04408398 -1.04125438
 -1.03064938 -1.02770213 -1.02771174 -1.02809034 -1.02807865 -1.02800291
 -1.02402029 -1.02401306 -1.02097296 -1.02103794]"
25,simulated_annealing,0.10071301460266113,"NeuralNetwork(clip_max=5, early_stopping=True, hidden_nodes=[16])",5,0.14596273291925466,0.14492753623188406,0.24103035878564857,0.24220183486238533,"[-1.14081146 -1.13811446 -1.14001342 -1.1407192  -1.12807205 -1.12942133
 -1.13244961 -1.13253277 -1.13273102 -1.13318593 -1.13326329 -1.13317392
 -1.13627258 -1.13633523 -1.14278248 -1.16047115 -1.16359901 -1.1627793
 -1.16310738 -1.16281605 -1.16303783 -1.16045814 -1.16131561 -1.16167712
 -1.1616303  -1.15793463 -1.15773223 -1.15704108 -1.15694848 -1.1572752
 -1.15996368 -1.15805957 -1.15271666 -1.112547   -1.11220713 -1.11140434
 -1.15290906 -1.10972794 -1.12223397 -1.11701517 -1.12568964 -1.12557994
 -1.12595448 -1.12281642 -1.12291245 -1.12324988 -1.12349332 -1.11976811
 -1.11602558 -1.11169944 -1.13951154 -1.14065483 -1.14850451 -1.14861309
 -1.14745765 -1.10099003 -1.10460565 -1.10576771 -1.10836232 -1.1083889
 -1.10818763 -1.11347508 -1.11235668 -1.11238492 -1.11001731 -1.10879637
 -1.06550015 -1.06655947 -1.07018274 -1.0698181  -1.07065424 -1.06843602
 -1.06625283 -1.06614142 -1.10821177 -1.10090225 -1.10167084 -1.09863729
 -1.06859056 -1.06282185 -1.06337402 -1.06114149 -1.05416465 -1.05981996
 -1.0588174  -1.05859368 -1.0599015  -1.04955339 -1.05544517 -1.06243211
 -1.07342    -1.08392692 -1.05100599 -1.05232057 -1.05300334 -1.06453879
 -1.06588226 -1.06331576 -1.0596991  -1.06040857]"
26,simulated_annealing,0.09940505027770996,"NeuralNetwork(clip_max=5, early_stopping=True, hidden_nodes=[16])",6,0.7168737060041408,0.7246376811594203,0.2037845705967977,0.16352201257861634,"[-0.64399861 -0.64383515 -0.64390144 -0.62367124 -0.61601668 -0.60478004
 -0.60292059 -0.60522268 -0.60519512 -0.62427328 -0.62436205 -0.62674039
 -0.62680794 -0.6270684  -0.62467817 -0.62740418 -0.6277183  -0.62799908
 -0.60983032 -0.60733654 -0.60746202 -0.60503094 -0.62146489 -0.62139911
 -0.62038832 -0.62031744 -0.63300756 -0.63296288 -0.62873975 -0.6286942
 -0.64725487 -0.64682183 -0.64644822 -0.64548725 -0.6455473  -0.64555097
 -0.6455473  -0.64574689 -0.64588128 -0.63562098 -0.6561009  -0.65443659
 -0.65443207 -0.6511406  -0.64927265 -0.64781152 -0.64789309 -0.64700434
 -0.64588978 -0.6456668  -0.64546547 -0.63359292 -0.63308918 -0.63312615
 -0.62336223 -0.62332557 -0.61176145 -0.61068934 -0.61196504 -0.61213971
 -0.62031327 -0.62056471 -0.6236613  -0.60585632 -0.60575067 -0.6062797
 -0.60626091 -0.60600478 -0.61404418 -0.60612573 -0.60616743 -0.60512501
 -0.61027646 -0.60512501 -0.6061831  -0.606088   -0.60580907 -0.60577804
 -0.6055089  -0.62817695 -0.62761469 -0.62470768 -0.62501405 -0.62177538
 -0.62180026 -0.62298174 -0.6048385  -0.61011993 -0.60706638 -0.59180947
 -0.5918222  -0.59191239 -0.59252109 -0.59227328 -0.59305303 -0.59253156
 -0.59192399 -0.58680818 -0.5870646  -0.60364529]"
27,simulated_annealing,0.10384774208068848,"NeuralNetwork(clip_max=5, early_stopping=True, hidden_nodes=[16])",7,0.6330227743271222,0.6583850931677019,0.37312113174182143,0.3773584905660377,"[-0.69343108 -0.69708576 -0.69694018 -0.69659681 -0.69549715 -0.69525895
 -0.69527374 -0.69538692 -0.69586591 -0.68238587 -0.68130796 -0.68152238
 -0.6813115  -0.67701121 -0.67698773 -0.69040513 -0.69608854 -0.69782919
 -0.69792533 -0.67792761 -0.67421159 -0.67291917 -0.67329362 -0.67127089
 -0.66585083 -0.64834257 -0.65060781 -0.64966451 -0.6512768  -0.65123142
 -0.67269766 -0.67271181 -0.69861273 -0.68492081 -0.68887335 -0.68028985
 -0.67740629 -0.67562474 -0.67522345 -0.67496862 -0.67761728 -0.67614565
 -0.67471146 -0.67437618 -0.67187259 -0.66769515 -0.66056965 -0.66084176
 -0.66110651 -0.66117537 -0.64285805 -0.64641875 -0.64654079 -0.64405301
 -0.64436827 -0.64341141 -0.64436714 -0.6444972  -0.6451838  -0.64516548
 -0.64550233 -0.63276923 -0.6322706  -0.62989327 -0.63123169 -0.63194382
 -0.63127405 -0.63043696 -0.63074576 -0.63299186 -0.63705661 -0.63692749
 -0.63681581 -0.65207889 -0.65321837 -0.65621422 -0.65576654 -0.68385963
 -0.68257769 -0.68252623 -0.68243243 -0.68702081 -0.68914543 -0.68501013
 -0.68496895 -0.68705194 -0.68831841 -0.69103025 -0.6796916  -0.68177099
 -0.68163044 -0.67904759 -0.68260818 -0.6856828  -0.68632839 -0.68475647
 -0.68503258 -0.68196035 -0.68000081 -0.68010275]"
28,simulated_annealing,0.10236406326293945,"NeuralNetwork(clip_max=5, early_stopping=True, hidden_nodes=[16])",8,0.13561076604554864,0.13664596273291926,0.23883318140382861,0.24043715846994537,"[-1.85370366 -1.86290569 -1.8239748  -1.8239197  -1.78441856 -1.77627043
 -1.78452891 -1.7909584  -1.80661875 -1.80248539 -1.80248668 -1.80231933
 -1.80691305 -1.8018387  -1.80124741 -1.81616881 -1.87469153 -1.87501858
 -1.87497053 -1.87066008 -1.87066115 -1.8691911  -1.86469058 -1.86505054
 -1.86504412 -1.86055758 -1.86018849 -1.86529046 -1.86509192 -1.86516536
 -1.86479426 -1.86481213 -1.87244847 -1.85865426 -1.85720906 -1.85542955
 -1.85545416 -1.90206333 -1.9020223  -1.89355852 -1.84407954 -1.83986954
 -1.8400323  -1.84936703 -1.84934243 -1.84601459 -1.83216137 -1.84121271
 -1.84035529 -1.83549287 -1.8245555  -1.82460251 -1.82924062 -1.83323508
 -1.83059321 -1.78879285 -1.79708567 -1.77528791 -1.77071155 -1.76520743
 -1.78008797 -1.76522718 -1.76240579 -1.76145763 -1.76178031 -1.75448034
 -1.75849905 -1.75939314 -1.75165843 -1.75558347 -1.75823221 -1.7584266
 -1.76238438 -1.76736366 -1.76831943 -1.77563724 -1.76160487 -1.75767872
 -1.75270728 -1.75763708 -1.7729467  -1.76879615 -1.77105119 -1.77104656
 -1.76858846 -1.76730567 -1.73947686 -1.7403702  -1.73336985 -1.7339257
 -1.73399661 -1.72982975 -1.72257944 -1.68483752 -1.68751773 -1.68770813
 -1.68645349 -1.69306318 -1.69394681 -1.68549393]"
29,simulated_annealing,0.09691309928894043,"NeuralNetwork(clip_max=5, early_stopping=True, hidden_nodes=[16])",9,0.8643892339544513,0.8633540372670807,0.0,0.0,"[-0.63589742 -0.63418176 -0.65217634 -0.6539416  -0.65456381 -0.65341131
 -0.65118671 -0.64773747 -0.64576945 -0.64540285 -0.62715085 -0.62216558
 -0.62246944 -0.62213715 -0.6236067  -0.62860888 -0.62560358 -0.62592046
 -0.62961588 -0.63211673 -0.63156826 -0.63181754 -0.62996261 -0.62965819
 -0.62965819 -0.63020051 -0.62890779 -0.62892211 -0.63172137 -0.63172259
 -0.63084021 -0.61562156 -0.61594306 -0.61568875 -0.61539654 -0.61396845
 -0.61396364 -0.6113073  -0.59407428 -0.593882   -0.5952461  -0.58737505
 -0.58711026 -0.59055703 -0.59083831 -0.58957752 -0.57003497 -0.57029072
 -0.56714562 -0.56852126 -0.567947   -0.56803162 -0.57100286 -0.57294884
 -0.57346125 -0.57344965 -0.57341389 -0.57341372 -0.57419338 -0.57395794
 -0.57342403 -0.55769202 -0.5563493  -0.55596088 -0.55595844 -0.55751434
 -0.55529392 -0.5554264  -0.55931283 -0.55927346 -0.56331308 -0.56347939
 -0.55095053 -0.5695902  -0.57159453 -0.57683978 -0.57709722 -0.57614803
 -0.57558043 -0.57237899 -0.57091856 -0.57120962 -0.57068349 -0.57062732
 -0.56762275 -0.56653092 -0.56624219 -0.56589585 -0.54834705 -0.54811695
 -0.54661887 -0.54485459 -0.53157883 -0.5316114  -0.53242736 -0.53398437
 -0.52278555 -0.51947034 -0.51685595 -0.51848535]"
30,simulated_annealing,0.1019599437713623,"NeuralNetwork(clip_max=5, early_stopping=True, hidden_nodes=[16])",10,0.2748447204968944,0.2691511387163561,0.22123401889938854,0.23758099352051837,"[-0.80783395 -0.80781355 -0.80852711 -0.79977096 -0.79825347 -0.79814959
 -0.79805542 -0.79698723 -0.79784376 -0.79874663 -0.79809871 -0.82150819
 -0.81665023 -0.8153249  -0.79284971 -0.78610186 -0.78613898 -0.78590814
 -0.78930062 -0.78936495 -0.78942956 -0.7899213  -0.78988589 -0.79362263
 -0.79097173 -0.79246571 -0.79331545 -0.79383885 -0.79377371 -0.76989061
 -0.76975708 -0.77119787 -0.77119348 -0.77003216 -0.76920446 -0.79301759
 -0.79343694 -0.79532938 -0.79523907 -0.79661856 -0.79900409 -0.79771404
 -0.78559861 -0.78514516 -0.78519696 -0.78532548 -0.78534648 -0.78817247
 -0.78817295 -0.7887088  -0.78871955 -0.76303261 -0.76321166 -0.76320375
 -0.74125714 -0.74126612 -0.74125532 -0.73711307 -0.73991205 -0.74512878
 -0.75025577 -0.75026263 -0.75026385 -0.74937138 -0.74871394 -0.74059816
 -0.74062819 -0.74023598 -0.74248092 -0.7412679  -0.74078752 -0.73661561
 -0.73668061 -0.75770642 -0.76419083 -0.75909793 -0.75974361 -0.76037192
 -0.78780371 -0.78112006 -0.75885854 -0.76314327 -0.76307805 -0.76268113
 -0.76297275 -0.7631186  -0.7631071  -0.76309636 -0.78548499 -0.77362382
 -0.78483265 -0.78482838 -0.78464456 -0.78482838 -0.78565114 -0.77601012
 -0.77550386 -0.77563368 -0.7977794  -0.7977813 ]"
31,simulated_annealing,0.09694695472717285,"NeuralNetwork(clip_max=5, early_stopping=True, hidden_nodes=[16])",11,0.8643892339544513,0.8633540372670807,0.0,0.0,"[-0.58626779 -0.58542582 -0.5878697  -0.58871671 -0.58676383 -0.58705192
 -0.58454276 -0.58436331 -0.58434591 -0.58601185 -0.58375947 -0.58441489
 -0.58434507 -0.58184334 -0.57829204 -0.56389514 -0.56467793 -0.56114408
 -0.56193266 -0.56361758 -0.56359387 -0.56436379 -0.56508897 -0.56509539
 -0.56513724 -0.5646436  -0.56470634 -0.55457111 -0.55372368 -0.57222066
 -0.57272091 -0.57321347 -0.5675248  -0.56754526 -0.56948433 -0.56750194
 -0.58700448 -0.58751916 -0.58754335 -0.58756381 -0.5875947  -0.58810001
 -0.58810216 -0.58812046 -0.58821306 -0.58551463 -0.58462587 -0.56622038
 -0.5638587  -0.56030285 -0.56024272 -0.55975749 -0.56101136 -0.55426904
 -0.55270718 -0.55255748 -0.5515979  -0.55280793 -0.55489626 -0.55411382
 -0.56047879 -0.56310734 -0.56052481 -0.56200855 -0.56266716 -0.56111536
 -0.56160551 -0.57147339 -0.5648101  -0.56353892 -0.56453681 -0.56372763
 -0.56190605 -0.56452141 -0.55617185 -0.54728883 -0.54727513 -0.54661091
 -0.54612046 -0.54610699 -0.54612945 -0.54616704 -0.54452781 -0.54455787
 -0.53759716 -0.53761068 -0.53921221 -0.53927363 -0.53846474 -0.54085379
 -0.5402367  -0.5402367  -0.54092223 -0.53880985 -0.53967847 -0.54053065
 -0.54047688 -0.53983441 -0.5398354  -0.54081301]"
32,simulated_annealing,0.10339093208312988,"NeuralNetwork(clip_max=5, early_stopping=True, hidden_nodes=[16])",12,0.7546583850931677,0.7556935817805382,0.21262458471760798,0.16901408450704225,"[-0.6130235  -0.61282226 -0.61468359 -0.6138041  -0.61377147 -0.61333774
 -0.6129071  -0.61334097 -0.61329801 -0.60687192 -0.60686128 -0.60130193
 -0.60137279 -0.60126986 -0.60061877 -0.60083747 -0.5991792  -0.5992946
 -0.59933459 -0.59401647 -0.59320766 -0.58969179 -0.58949827 -0.59094036
 -0.59176289 -0.59189696 -0.58832595 -0.58796022 -0.5845294  -0.58539752
 -0.58528337 -0.58394229 -0.58372329 -0.58193783 -0.5822192  -0.5823627
 -0.58266333 -0.58205838 -0.5784078  -0.57711581 -0.57761379 -0.58116309
 -0.58131165 -0.57809523 -0.58011602 -0.57688659 -0.57684665 -0.57829773
 -0.57823398 -0.5764638  -0.57645883 -0.56686647 -0.56611744 -0.56593985
 -0.56580783 -0.57110436 -0.5708002  -0.57043661 -0.57009561 -0.56969595
 -0.56830463 -0.56880111 -0.56880111 -0.58723709 -0.58704538 -0.61023795
 -0.61035259 -0.61023795 -0.61032721 -0.61032888 -0.6087435  -0.60986507
 -0.61321545 -0.61336752 -0.61141866 -0.6143489  -0.60786144 -0.60852733
 -0.58573359 -0.58858486 -0.58504042 -0.5909444  -0.59694365 -0.59658817
 -0.59747509 -0.58177966 -0.57608837 -0.59044439 -0.59061412 -0.58721083
 -0.58883989 -0.5884825  -0.58798641 -0.5876134  -0.59123278 -0.59084302
 -0.59177739 -0.59186154 -0.58874841 -0.58969123]"
33,simulated_annealing,0.1002359390258789,"NeuralNetwork(clip_max=5, early_stopping=True, hidden_nodes=[16])",13,0.8643892339544513,0.8633540372670807,0.0,0.0,"[-0.43487358 -0.43685769 -0.43686646 -0.43564689 -0.43396375 -0.4353601
 -0.4353601  -0.43529449 -0.43527189 -0.43536207 -0.4349535  -0.43311476
 -0.4322794  -0.42986939 -0.42989977 -0.42984509 -0.4315738  -0.43026917
 -0.42877294 -0.42879329 -0.42878115 -0.43065854 -0.42876187 -0.42943365
 -0.42850017 -0.42904215 -0.42898624 -0.44052993 -0.44229381 -0.44238554
 -0.44243332 -0.44108624 -0.44103677 -0.43901056 -0.43725092 -0.43790167
 -0.43746107 -0.43708783 -0.4370025  -0.43899361 -0.43967722 -0.43969349
 -0.4397084  -0.43884352 -0.44515168 -0.44588476 -0.45503517 -0.45514478
 -0.45514691 -0.45530593 -0.45535841 -0.45539764 -0.4553418  -0.45417641
 -0.45491855 -0.45269305 -0.45345964 -0.4515935  -0.4497902  -0.44941928
 -0.44835928 -0.44558111 -0.44625185 -0.44621394 -0.4461839  -0.45397685
 -0.45522915 -0.45367274 -0.45537334 -0.45364169 -0.45210986 -0.45056099
 -0.4505641  -0.45050571 -0.45179631 -0.45179607 -0.45176333 -0.45065803
 -0.4516219  -0.45162477 -0.45055835 -0.45056015 -0.45005983 -0.44858146
 -0.441346   -0.44293537 -0.44503002 -0.44296083 -0.44295011 -0.44330126
 -0.44330062 -0.44495531 -0.44460057 -0.44474033 -0.44829785 -0.44827861
 -0.44765203 -0.44777491 -0.44787096 -0.44973174]"
34,simulated_annealing,0.10324215888977051,"NeuralNetwork(clip_max=5, early_stopping=True, hidden_nodes=[16])",14,0.7991718426501035,0.8033126293995859,0.08490566037735849,0.07766990291262137,"[-0.46677201 -0.46747768 -0.46717922 -0.4666285  -0.47937193 -0.47930485
 -0.47927963 -0.48483948 -0.48467856 -0.4746525  -0.47740073 -0.47836695
 -0.47593684 -0.47713255 -0.47583186 -0.47588139 -0.47684071 -0.4854865
 -0.48548392 -0.48575849 -0.48685005 -0.48791601 -0.48789802 -0.48970881
 -0.50059918 -0.50492551 -0.50524124 -0.50532583 -0.50552446 -0.50551579
 -0.4937812  -0.49667776 -0.48719151 -0.48788601 -0.48894192 -0.48914188
 -0.48896848 -0.48827262 -0.48523014 -0.48544122 -0.48499098 -0.48483129
 -0.48497796 -0.48389935 -0.48434798 -0.4841539  -0.48460461 -0.48445787
 -0.48749272 -0.49074352 -0.490942   -0.489447   -0.49046462 -0.49048064
 -0.49025458 -0.48872011 -0.48026553 -0.48319143 -0.48535075 -0.49488969
 -0.49264754 -0.49248235 -0.49325148 -0.49603361 -0.49703141 -0.49700477
 -0.50640301 -0.51885421 -0.53006062 -0.52985933 -0.52990695 -0.52758026
 -0.52851057 -0.53234511 -0.53060893 -0.53072588 -0.52167693 -0.52081783
 -0.52238806 -0.52484468 -0.52465981 -0.52469792 -0.5235089  -0.52362081
 -0.53499051 -0.53495377 -0.53159977 -0.53154795 -0.53023108 -0.5288923
 -0.5304416  -0.54223571 -0.54426607 -0.54433738 -0.54608066 -0.54759623
 -0.55111254 -0.55470173 -0.55891217 -0.57085967]"
35,simulated_annealing,0.09801387786865234,"NeuralNetwork(clip_max=5, early_stopping=True, hidden_nodes=[16])",15,0.13405797101449277,0.13664596273291926,0.2364217252396166,0.24043715846994537,"[-1.45387231 -1.46139101 -1.46107241 -1.46024956 -1.45961797 -1.45210458
 -1.46000037 -1.45995638 -1.45160944 -1.43843136 -1.43617601 -1.44310134
 -1.4298315  -1.41716784 -1.41804258 -1.42804129 -1.42442596 -1.4262265
 -1.42807825 -1.42687578 -1.42551766 -1.42564213 -1.4267983  -1.42673198
 -1.42424153 -1.39409036 -1.3919216  -1.39251573 -1.39126694 -1.3920893
 -1.3920893  -1.39719219 -1.39722969 -1.38412586 -1.39722969 -1.39642402
 -1.39425066 -1.37903342 -1.38053984 -1.37806797 -1.38222235 -1.38259837
 -1.38378509 -1.38143366 -1.37989352 -1.38583038 -1.38570619 -1.38810126
 -1.38813491 -1.38811477 -1.38733083 -1.39454888 -1.40595352 -1.4343082
 -1.43368944 -1.43366683 -1.43327322 -1.43344663 -1.43329938 -1.42176522
 -1.41448529 -1.39906399 -1.39902223 -1.39981187 -1.40370153 -1.43554923
 -1.43559732 -1.43532336 -1.43338912 -1.4333414  -1.43335192 -1.45614072
 -1.4463109  -1.44869821 -1.44876448 -1.45818409 -1.45681648 -1.45599516
 -1.42381118 -1.42308094 -1.43262961 -1.42821581 -1.42469433 -1.42079421
 -1.4234132  -1.42337314 -1.42689174 -1.429528   -1.43803374 -1.43885448
 -1.43131065 -1.43044603 -1.42634935 -1.38643402 -1.38421499 -1.38398967
 -1.3814017  -1.38207859 -1.37805362 -1.37650342]"
36,simulated_annealing,0.09882688522338867,"NeuralNetwork(clip_max=5, early_stopping=True, hidden_nodes=[16])",16,0.13561076604554864,0.13664596273291926,0.23883318140382861,0.24043715846994537,"[-2.22280345 -2.22287521 -2.25187557 -2.25189107 -2.25533792 -2.25680269
 -2.21457674 -2.21182687 -2.19926559 -2.19885069 -2.19885069 -2.22777744
 -2.2272745  -2.23073056 -2.23584499 -2.23165603 -2.22796197 -2.22058989
 -2.21518225 -2.21630121 -2.18531121 -2.18496255 -2.17993481 -2.15261196
 -2.14919628 -2.14720351 -2.15383734 -2.15109498 -2.15121896 -2.15171346
 -2.15205168 -2.15760052 -2.14992626 -2.149798   -2.17190575 -2.17087098
 -2.16773851 -2.16837554 -2.16610862 -2.16561185 -2.16567257 -2.15776194
 -2.17989636 -2.17738385 -2.17739386 -2.17245626 -2.16102843 -2.16088041
 -2.16401687 -2.1546075  -2.15593023 -2.1858613  -2.19126375 -2.1951944
 -2.19251352 -2.19201037 -2.19216016 -2.19177593 -2.19175236 -2.18559146
 -2.18888589 -2.18659267 -2.18888589 -2.19666751 -2.19614175 -2.19169625
 -2.19170197 -2.18656268 -2.1870078  -2.1950202  -2.18867817 -2.19235595
 -2.19241562 -2.19605286 -2.20314526 -2.1757527  -2.17851471 -2.17317199
 -2.1730359  -2.17158028 -2.21042551 -2.20783388 -2.21546104 -2.21212256
 -2.20733851 -2.20627461 -2.20622121 -2.20827657 -2.20447198 -2.20443271
 -2.20151469 -2.13946611 -2.13773552 -2.1376819  -2.13363427 -2.13653039
 -2.13686983 -2.12242922 -2.12229864 -2.12862085]"
37,simulated_annealing,0.09858083724975586,"NeuralNetwork(clip_max=5, early_stopping=True, hidden_nodes=[16])",17,0.13561076604554864,0.13664596273291926,0.23883318140382861,0.24043715846994537,"[-1.57334947 -1.57336165 -1.57146264 -1.56870516 -1.53165327 -1.51447375
 -1.50805066 -1.51124982 -1.50584782 -1.50666801 -1.47951643 -1.47959328
 -1.47864536 -1.48254781 -1.48241232 -1.47203456 -1.4721118  -1.4666972
 -1.46653284 -1.46954371 -1.52297633 -1.51948533 -1.49286879 -1.49233625
 -1.49232703 -1.49311286 -1.49394357 -1.4944704  -1.49731914 -1.49736989
 -1.49719515 -1.49785963 -1.49434031 -1.49422609 -1.45326509 -1.44371287
 -1.44191306 -1.44899941 -1.44906438 -1.4487393  -1.44882644 -1.44881607
 -1.44934029 -1.44912486 -1.45422582 -1.4542147  -1.45910511 -1.45909692
 -1.45876133 -1.45848105 -1.45688703 -1.45819681 -1.45677767 -1.45355271
 -1.45344873 -1.44999096 -1.45646362 -1.49889598 -1.49927248 -1.49935936
 -1.49939235 -1.50267169 -1.49633961 -1.49632903 -1.47348094 -1.47672601
 -1.5243958  -1.52141092 -1.52042394 -1.48445576 -1.48246547 -1.48585174
 -1.48551238 -1.48622585 -1.49168522 -1.49217329 -1.46988867 -1.47139559
 -1.51452978 -1.51346209 -1.51080802 -1.50989717 -1.50991037 -1.51107118
 -1.53257602 -1.53124405 -1.53315635 -1.52841625 -1.52820365 -1.51660614
 -1.51657394 -1.51392524 -1.5139385  -1.51392524 -1.5142523  -1.51749358
 -1.51882029 -1.51416014 -1.51681953 -1.51554653]"
38,simulated_annealing,0.10039091110229492,"NeuralNetwork(clip_max=5, early_stopping=True, hidden_nodes=[16])",18,0.13561076604554864,0.13664596273291926,0.23883318140382861,0.24043715846994537,"[-1.32520662 -1.32414174 -1.32700372 -1.32759251 -1.33015303 -1.3006517
 -1.30248415 -1.2946602  -1.29521682 -1.29520642 -1.30248579 -1.30239364
 -1.29800169 -1.27659336 -1.27658651 -1.2743875  -1.27873802 -1.27840952
 -1.27481311 -1.27882246 -1.2702148  -1.27893623 -1.27287855 -1.26866374
 -1.26862346 -1.26797131 -1.2680519  -1.25937143 -1.25973585 -1.30427556
 -1.30385957 -1.30779388 -1.30414769 -1.29976422 -1.2958746  -1.29200753
 -1.29095305 -1.29132722 -1.29107299 -1.29391855 -1.29376097 -1.29255908
 -1.28663843 -1.28719486 -1.2877471  -1.27751038 -1.27684153 -1.27832146
 -1.27865482 -1.27865801 -1.27829775 -1.25327112 -1.25757072 -1.25503633
 -1.25501918 -1.25928572 -1.26047172 -1.25928572 -1.21973337 -1.21949506
 -1.21929414 -1.22675733 -1.22693739 -1.23073339 -1.23128056 -1.23399923
 -1.23904584 -1.2402315  -1.24015524 -1.24014614 -1.24036829 -1.23864519
 -1.27651312 -1.28209105 -1.2821896  -1.28248066 -1.28342775 -1.28398239
 -1.28340894 -1.28403496 -1.28308782 -1.26237654 -1.26310731 -1.25979013
 -1.28392399 -1.28293124 -1.27968017 -1.23980955 -1.23990624 -1.24011126
 -1.24442119 -1.24459012 -1.24031872 -1.23629268 -1.23533036 -1.23834139
 -1.19642857 -1.1967371  -1.19276676 -1.19338733]"
39,simulated_annealing,0.0983428955078125,"NeuralNetwork(clip_max=5, early_stopping=True, hidden_nodes=[16])",19,0.13561076604554864,0.13664596273291926,0.23883318140382861,0.24043715846994537,"[-1.4595151  -1.46192889 -1.46952094 -1.44603987 -1.44911502 -1.449079
 -1.45194969 -1.45368551 -1.45842279 -1.45559519 -1.45532473 -1.46082245
 -1.46087074 -1.46301196 -1.49334439 -1.50116359 -1.49535956 -1.49471043
 -1.49477958 -1.48471273 -1.48478911 -1.48354606 -1.48328004 -1.44128927
 -1.47350032 -1.47520017 -1.52858148 -1.5265598  -1.52424496 -1.52772024
 -1.53784995 -1.53797019 -1.5423536  -1.5466593  -1.56713479 -1.56613458
 -1.56285451 -1.55037593 -1.54788645 -1.54569894 -1.55549011 -1.55503165
 -1.55520696 -1.55548293 -1.55534369 -1.5556382  -1.55583258 -1.554863
 -1.55500181 -1.55493994 -1.55486179 -1.55806763 -1.56114098 -1.55781302
 -1.55819132 -1.56068751 -1.51449338 -1.51665493 -1.51707276 -1.52202541
 -1.52487174 -1.52466446 -1.52823856 -1.53390149 -1.49856811 -1.52791713
 -1.52730388 -1.52436437 -1.52706576 -1.52586092 -1.51973186 -1.51931494
 -1.52012281 -1.52024855 -1.52372391 -1.52318232 -1.52211875 -1.55774124
 -1.55765776 -1.55463119 -1.56696515 -1.56698843 -1.56354318 -1.56423695
 -1.56484651 -1.55917372 -1.56192    -1.55360605 -1.56493298 -1.55753272
 -1.55457366 -1.55341294 -1.55410384 -1.55104765 -1.54894107 -1.53348078
 -1.53596566 -1.48263734 -1.48321299 -1.48312646]"
40,genetic_alg,1.3813347816467285,"NeuralNetwork(clip_max=5, early_stopping=True, hidden_nodes=[16])",0,0.8876811594202898,0.9151138716356108,0.4668304668304668,0.6095238095238096,"[-0.29534223 -0.28507002 -0.28507002 -0.28507002 -0.28507002 -0.28507002
 -0.28507002 -0.28507002 -0.28507002 -0.28507002 -0.28507002 -0.28507002]"
41,genetic_alg,1.2516262531280518,"NeuralNetwork(clip_max=5, early_stopping=True, hidden_nodes=[16])",1,0.8592132505175983,0.8530020703933747,0.30256410256410254,0.25263157894736843,"[-0.29374862 -0.29374862 -0.29374862 -0.29374862 -0.29374862 -0.29374862
 -0.29374862 -0.29374862 -0.29374862 -0.29374862 -0.29374862]"
42,genetic_alg,1.2651526927947998,"NeuralNetwork(clip_max=5, early_stopping=True, hidden_nodes=[16])",2,0.8778467908902692,0.8757763975155279,0.2185430463576159,0.1891891891891892,"[-0.25039164 -0.25039164 -0.25039164 -0.25039164 -0.25039164 -0.25039164
 -0.25039164 -0.25039164 -0.25039164 -0.25039164 -0.25039164]"
43,genetic_alg,1.2592079639434814,"NeuralNetwork(clip_max=5, early_stopping=True, hidden_nodes=[16])",3,0.8866459627329193,0.9130434782608695,0.5628742514970061,0.6818181818181818,"[-0.31504354 -0.31504354 -0.31504354 -0.31504354 -0.31504354 -0.31504354
 -0.31504354 -0.31504354 -0.31504354 -0.31504354 -0.31504354]"
44,genetic_alg,1.35451078414917,"NeuralNetwork(clip_max=5, early_stopping=True, hidden_nodes=[16])",4,0.8778467908902692,0.8737060041407867,0.2027027027027027,0.1643835616438356,"[-0.40571415 -0.32677477 -0.32677477 -0.32677477 -0.32677477 -0.32677477
 -0.32677477 -0.32677477 -0.32677477 -0.32677477 -0.32677477 -0.32677477]"
45,genetic_alg,1.5177390575408936,"NeuralNetwork(clip_max=5, early_stopping=True, hidden_nodes=[16])",5,0.8726708074534162,0.8964803312629399,0.615625,0.6753246753246752,"[-0.42621308 -0.375598   -0.34038306 -0.34038306 -0.34038306 -0.34038306
 -0.34038306 -0.34038306 -0.34038306 -0.34038306 -0.34038306 -0.34038306
 -0.34038306]"
46,genetic_alg,1.5766489505767822,"NeuralNetwork(clip_max=5, early_stopping=True, hidden_nodes=[16])",6,0.8913043478260869,0.8778467908902692,0.6223021582733813,0.549618320610687,"[-0.34324848 -0.34324848 -0.34324848 -0.2633859  -0.2633859  -0.2633859
 -0.2633859  -0.2633859  -0.2633859  -0.2633859  -0.2633859  -0.2633859
 -0.2633859  -0.2633859 ]"
47,genetic_alg,1.5697143077850342,"NeuralNetwork(clip_max=5, early_stopping=True, hidden_nodes=[16])",7,0.8643892339544513,0.8633540372670807,0.0,0.0,"[-0.44098642 -0.44098642 -0.35922775 -0.34497114 -0.34497114 -0.34497114
 -0.34497114 -0.34497114 -0.34497114 -0.34497114 -0.34497114 -0.34497114
 -0.34497114 -0.34497114]"
48,genetic_alg,1.377030849456787,"NeuralNetwork(clip_max=5, early_stopping=True, hidden_nodes=[16])",8,0.8664596273291926,0.8592132505175983,0.35820895522388063,0.2765957446808511,"[-0.37549712 -0.3409119  -0.3409119  -0.3409119  -0.3409119  -0.3409119
 -0.3409119  -0.3409119  -0.3409119  -0.3409119  -0.3409119  -0.3409119 ]"
49,genetic_alg,1.2895169258117676,"NeuralNetwork(clip_max=5, early_stopping=True, hidden_nodes=[16])",9,0.9042443064182195,0.9296066252587992,0.6379647749510764,0.746268656716418,"[-0.23144697 -0.23144697 -0.23144697 -0.23144697 -0.23144697 -0.23144697
 -0.23144697 -0.23144697 -0.23144697 -0.23144697 -0.23144697]"
50,genetic_alg,2.0944697856903076,"NeuralNetwork(clip_max=5, early_stopping=True, hidden_nodes=[16])",10,0.9342650103519669,0.9565217391304348,0.7798960138648182,0.8510638297872342,"[-0.51659085 -0.36788321 -0.36788321 -0.36788321 -0.36788321 -0.36788321
 -0.36788321 -0.36788321 -0.23023058 -0.23023058 -0.23023058 -0.23023058
 -0.23023058 -0.23023058 -0.23023058 -0.23023058 -0.23023058 -0.23023058
 -0.23023058]"
51,genetic_alg,1.465501308441162,"NeuralNetwork(clip_max=5, early_stopping=True, hidden_nodes=[16])",11,0.8561076604554866,0.865424430641822,0.07947019867549668,0.057971014492753624,"[-0.44888225 -0.44888225 -0.39074115 -0.39074115 -0.39074115 -0.39074115
 -0.39074115 -0.39074115 -0.39074115 -0.39074115 -0.39074115 -0.39074115
 -0.39074115]"
52,genetic_alg,1.9924330711364746,"NeuralNetwork(clip_max=5, early_stopping=True, hidden_nodes=[16])",12,0.884575569358178,0.8530020703933747,0.5719769673704415,0.49645390070921985,"[-0.4406652  -0.4406652  -0.4406652  -0.4406652  -0.4406652  -0.4406652
 -0.4406652  -0.35440624 -0.35440624 -0.35440624 -0.35440624 -0.35440624
 -0.35440624 -0.35440624 -0.35440624 -0.35440624 -0.35440624 -0.35440624]"
53,genetic_alg,1.3585588932037354,"NeuralNetwork(clip_max=5, early_stopping=True, hidden_nodes=[16])",13,0.8628364389233955,0.8881987577639752,0.5786963434022258,0.6582278481012658,"[-0.36274426 -0.34415563 -0.34415563 -0.34415563 -0.34415563 -0.34415563
 -0.34415563 -0.34415563 -0.34415563 -0.34415563 -0.34415563 -0.34415563]"
54,genetic_alg,1.4635200500488281,"NeuralNetwork(clip_max=5, early_stopping=True, hidden_nodes=[16])",14,0.8918219461697723,0.9089026915113871,0.5708418891170431,0.6451612903225807,"[-0.44183819 -0.44183819 -0.39382285 -0.39382285 -0.39382285 -0.39382285
 -0.39382285 -0.39382285 -0.39382285 -0.39382285 -0.39382285 -0.39382285
 -0.39382285]"
55,genetic_alg,1.3606410026550293,"NeuralNetwork(clip_max=5, early_stopping=True, hidden_nodes=[16])",15,0.912008281573499,0.9358178053830227,0.6222222222222222,0.7207207207207208,"[-0.38530993 -0.24884262 -0.24884262 -0.24884262 -0.24884262 -0.24884262
 -0.24884262 -0.24884262 -0.24884262 -0.24884262 -0.24884262 -0.24884262]"
56,genetic_alg,1.2523798942565918,"NeuralNetwork(clip_max=5, early_stopping=True, hidden_nodes=[16])",16,0.8664596273291926,0.8716356107660456,0.2366863905325444,0.2619047619047619,"[-0.36511373 -0.36511373 -0.36511373 -0.36511373 -0.36511373 -0.36511373
 -0.36511373 -0.36511373 -0.36511373 -0.36511373 -0.36511373]"
57,genetic_alg,1.2745108604431152,"NeuralNetwork(clip_max=5, early_stopping=True, hidden_nodes=[16])",17,0.8840579710144928,0.8778467908902692,0.3128834355828221,0.23376623376623376,"[-0.29876762 -0.29876762 -0.29876762 -0.29876762 -0.29876762 -0.29876762
 -0.29876762 -0.29876762 -0.29876762 -0.29876762 -0.29876762]"
58,genetic_alg,1.3592071533203125,"NeuralNetwork(clip_max=5, early_stopping=True, hidden_nodes=[16])",18,0.9021739130434783,0.9233954451345756,0.608695652173913,0.6991869918699187,"[-0.443393   -0.26058537 -0.26058537 -0.26058537 -0.26058537 -0.26058537
 -0.26058537 -0.26058537 -0.26058537 -0.26058537 -0.26058537 -0.26058537]"
59,genetic_alg,2.0023608207702637,"NeuralNetwork(clip_max=5, early_stopping=True, hidden_nodes=[16])",19,0.9233954451345756,0.9440993788819876,0.7249070631970259,0.8029197080291971,"[-0.37943602 -0.37217511 -0.37217511 -0.37217511 -0.37217511 -0.37217511
 -0.37217511 -0.34808698 -0.34808698 -0.34808698 -0.34808698 -0.34808698
 -0.34808698 -0.34808698 -0.34808698 -0.34808698 -0.34808698 -0.34808698]"
60,gradient_descent,0.11464881896972656,"NeuralNetwork(clip_max=5, early_stopping=True, hidden_nodes=[16])",0,0.2981366459627329,0.28778467908902694,0.15355805243445694,0.14851485148514854,"[-0.77268887 -4.68382993 -3.00063955 -4.68382993 -5.7125397  -4.68382993
 -5.62964426 -4.68382993 -5.96499039 -4.68382993 -5.85664399 -4.68382993
 -5.8176729  -4.68382993 -5.74016124 -4.68382993 -5.70909195 -4.68382993
 -5.68642628 -4.68382993 -5.68381536 -4.68382993 -5.67932862 -4.68382993
 -5.67531347 -4.68382993 -5.6748709  -4.68382993 -5.67488229 -4.68382993
 -5.67488761 -4.68382993 -5.67488799 -4.68382993 -5.67488797 -4.68382993
 -5.67488796 -4.68382993 -5.67488796 -4.68382993 -5.67488796 -4.68382993
 -5.67488796 -4.68382993 -5.67488796 -4.68382993 -5.67488796 -4.68382993
 -5.67488796 -4.68382993 -5.67488796 -4.68382993 -5.67488796 -4.68382993
 -5.67488796 -4.68382993 -5.67488796 -4.68382993 -5.67488796 -4.68382993
 -5.67488796 -4.68382993 -5.67488796 -4.68382993 -5.67488796 -4.68382993
 -5.67488796 -4.68382993 -5.67488796 -4.68382993 -5.67488796 -4.68382993
 -5.67488796 -4.68382993 -5.67488796 -4.68382993 -5.67488796 -4.68382993
 -5.67488796 -4.68382993 -5.67488796 -4.68382993 -5.67488796 -4.68382993
 -5.67488796 -4.68382993 -5.67488796 -4.68382993 -5.67488796 -4.68382993
 -5.67488796 -4.68382993 -5.67488796 -4.68382993 -5.67488796 -4.68382993
 -5.67488796 -4.68382993 -5.67488796 -4.68382993]"
61,gradient_descent,0.11160492897033691,"NeuralNetwork(clip_max=5, early_stopping=True, hidden_nodes=[16])",1,0.13561076604554864,0.13664596273291926,0.23883318140382861,0.24043715846994537,"[-1.39675834 -4.29322762 -3.27752583 -4.68219295 -5.93750653 -4.42860659
 -4.89581361 -4.68382993 -6.38730614 -4.68173541 -5.13821225 -4.68382993
 -6.25596294 -4.67730827 -5.00947841 -4.68382993 -6.17669073 -4.67461991
 -4.94211056 -4.68382993 -6.14807066 -4.67397352 -4.92925599 -4.68382993
 -6.14690217 -4.67394751 -4.92838429 -4.68382993 -6.14684991 -4.67394767
 -4.92839368 -4.68382993 -6.14685072 -4.67394767 -4.92839375 -4.68382993
 -6.14685069 -4.67394767 -4.92839375 -4.68382993 -6.14685069 -4.67394767
 -4.92839375 -4.68382993 -6.14685069 -4.67394767 -4.92839375 -4.68382993
 -6.14685069 -4.67394767 -4.92839375 -4.68382993 -6.14685069 -4.67394767
 -4.92839375 -4.68382993 -6.14685069 -4.67394767 -4.92839375 -4.68382993
 -6.14685069 -4.67394767 -4.92839375 -4.68382993 -6.14685069 -4.67394767
 -4.92839375 -4.68382993 -6.14685069 -4.67394767 -4.92839375 -4.68382993
 -6.14685069 -4.67394767 -4.92839375 -4.68382993 -6.14685069 -4.67394767
 -4.92839375 -4.68382993 -6.14685069 -4.67394767 -4.92839375 -4.68382993
 -6.14685069 -4.67394767 -4.92839375 -4.68382993 -6.14685069 -4.67394767
 -4.92839375 -4.68382993 -6.14685069 -4.67394767 -4.92839375 -4.68382993
 -6.14685069 -4.67394767 -4.92839375 -4.68382993]"
62,gradient_descent,0.11881208419799805,"NeuralNetwork(clip_max=5, early_stopping=True, hidden_nodes=[16])",2,0.13561076604554864,0.13664596273291926,0.23883318140382861,0.24043715846994537,"[-1.27116446 -3.58211193 -2.68452583 -4.6789172  -5.8320495  -3.53945108
 -3.81202011 -4.68028082 -6.72082628 -3.54646661 -3.69724854 -4.68034537
 -6.73779625 -3.54658772 -3.59348637 -4.6805784  -6.7353481  -3.54648487
 -3.52490269 -4.68074338 -6.68717417 -3.54686759 -3.47512681 -4.68084372
 -6.63069548 -3.54707683 -3.44350506 -4.68090762 -6.59261143 -3.54700699
 -3.43151107 -4.68093177 -6.57061607 -3.54708651 -3.42501126 -4.68094595
 -6.55837853 -3.54729128 -3.42183926 -4.68095575 -6.55088671 -3.54759631
 -3.42093322 -4.68096235 -6.54951398 -3.54801325 -3.42491283 -4.68095885
 -6.55340855 -3.54851524 -3.42976306 -4.68095424 -6.55811132 -3.54909622
 -3.43477458 -4.68094942 -6.56213478 -3.54948648 -3.44014803 -4.68094709
 -6.56217117 -3.54955725 -3.44135729 -4.68094672 -6.56187306 -3.54955538
 -3.4413262  -4.68094673 -6.56187431 -3.5495554  -3.44132651 -4.68094673
 -6.56187429 -3.5495554  -3.4413265  -4.68094673 -6.56187429 -3.5495554
 -3.4413265  -4.68094673 -6.56187429 -3.5495554  -3.4413265  -4.68094673
 -6.56187429 -3.5495554  -3.4413265  -4.68094673 -6.56187429 -3.5495554
 -3.4413265  -4.68094673 -6.56187429 -3.5495554  -3.4413265  -4.68094673
 -6.56187429 -3.5495554  -3.4413265  -4.68094673]"
63,gradient_descent,0.11155891418457031,"NeuralNetwork(clip_max=5, early_stopping=True, hidden_nodes=[16])",3,0.13561076604554864,0.13664596273291926,0.23883318140382861,0.24043715846994537,"[-1.26048173 -4.55742004 -2.86832638 -4.67798079 -5.73260865 -4.3389042
 -4.8617263  -4.68382993 -6.40141066 -4.68236728 -5.14768645 -4.68382993
 -6.26836018 -4.6778276  -5.01368206 -4.68382993 -6.18612716 -4.67497429
 -4.94513793 -4.68382993 -6.15631458 -4.67420841 -4.93303213 -4.68382993
 -6.14720647 -4.67394713 -4.92836883 -4.68382993 -6.14684575 -4.67394765
 -4.92839332 -4.68382993 -6.14685079 -4.67394767 -4.92839375 -4.68382993
 -6.14685069 -4.67394767 -4.92839375 -4.68382993 -6.14685069 -4.67394767
 -4.92839375 -4.68382993 -6.14685069 -4.67394767 -4.92839375 -4.68382993
 -6.14685069 -4.67394767 -4.92839375 -4.68382993 -6.14685069 -4.67394767
 -4.92839375 -4.68382993 -6.14685069 -4.67394767 -4.92839375 -4.68382993
 -6.14685069 -4.67394767 -4.92839375 -4.68382993 -6.14685069 -4.67394767
 -4.92839375 -4.68382993 -6.14685069 -4.67394767 -4.92839375 -4.68382993
 -6.14685069 -4.67394767 -4.92839375 -4.68382993 -6.14685069 -4.67394767
 -4.92839375 -4.68382993 -6.14685069 -4.67394767 -4.92839375 -4.68382993
 -6.14685069 -4.67394767 -4.92839375 -4.68382993 -6.14685069 -4.67394767
 -4.92839375 -4.68382993 -6.14685069 -4.67394767 -4.92839375 -4.68382993
 -6.14685069 -4.67394767 -4.92839375 -4.68382993]"
64,gradient_descent,0.11780500411987305,"NeuralNetwork(clip_max=5, early_stopping=True, hidden_nodes=[16])",4,0.13561076604554864,0.13664596273291926,0.23883318140382861,0.24043715846994537,"[-0.91969257 -4.68382993 -3.36447489 -4.59455788 -4.83258053 -4.68382993
 -6.06084725 -4.68382993 -5.64810108 -4.68382993 -5.9102859  -4.68382993
 -5.86418631 -4.68382993 -5.7775007  -4.68382993 -5.73558235 -4.68382993
 -5.70682799 -4.68382993 -5.68114218 -4.68382993 -5.67517179 -4.68382993
 -5.67483377 -4.68382993 -5.67488093 -4.68382993 -5.67488786 -4.68382993
 -5.67488803 -4.68382993 -5.67488797 -4.68382993 -5.67488796 -4.68382993
 -5.67488796 -4.68382993 -5.67488796 -4.68382993 -5.67488796 -4.68382993
 -5.67488796 -4.68382993 -5.67488796 -4.68382993 -5.67488796 -4.68382993
 -5.67488796 -4.68382993 -5.67488796 -4.68382993 -5.67488796 -4.68382993
 -5.67488796 -4.68382993 -5.67488796 -4.68382993 -5.67488796 -4.68382993
 -5.67488796 -4.68382993 -5.67488796 -4.68382993 -5.67488796 -4.68382993
 -5.67488796 -4.68382993 -5.67488796 -4.68382993 -5.67488796 -4.68382993
 -5.67488796 -4.68382993 -5.67488796 -4.68382993 -5.67488796 -4.68382993
 -5.67488796 -4.68382993 -5.67488796 -4.68382993 -5.67488796 -4.68382993
 -5.67488796 -4.68382993 -5.67488796 -4.68382993 -5.67488796 -4.68382993
 -5.67488796 -4.68382993 -5.67488796 -4.68382993 -5.67488796 -4.68382993
 -5.67488796 -4.68382993 -5.67488796 -4.68382993]"
65,gradient_descent,0.11247587203979492,"NeuralNetwork(clip_max=5, early_stopping=True, hidden_nodes=[16])",5,0.13871635610766045,0.14285714285714285,0.23948811700182815,0.2417582417582418,"[-1.13327594 -4.68382993 -3.28330415 -4.67653747 -5.12308721 -4.68382993
 -6.0025216  -4.68382993 -5.96826178 -4.68382993 -5.86420119 -4.68382993
 -5.8270552  -4.68382993 -5.7445826  -4.68382993 -5.70726443 -4.68382993
 -5.69224792 -4.68382993 -5.6762834  -4.68382993 -5.6747988  -4.68382993
 -5.6748668  -4.68382993 -5.67488745 -4.68382993 -5.67488811 -4.68382993
 -5.67488799 -4.68382993 -5.67488796 -4.68382993 -5.67488796 -4.68382993
 -5.67488796 -4.68382993 -5.67488796 -4.68382993 -5.67488796 -4.68382993
 -5.67488796 -4.68382993 -5.67488796 -4.68382993 -5.67488796 -4.68382993
 -5.67488796 -4.68382993 -5.67488796 -4.68382993 -5.67488796 -4.68382993
 -5.67488796 -4.68382993 -5.67488796 -4.68382993 -5.67488796 -4.68382993
 -5.67488796 -4.68382993 -5.67488796 -4.68382993 -5.67488796 -4.68382993
 -5.67488796 -4.68382993 -5.67488796 -4.68382993 -5.67488796 -4.68382993
 -5.67488796 -4.68382993 -5.67488796 -4.68382993 -5.67488796 -4.68382993
 -5.67488796 -4.68382993 -5.67488796 -4.68382993 -5.67488796 -4.68382993
 -5.67488796 -4.68382993 -5.67488796 -4.68382993 -5.67488796 -4.68382993
 -5.67488796 -4.68382993 -5.67488796 -4.68382993 -5.67488796 -4.68382993
 -5.67488796 -4.68382993 -5.67488796 -4.68382993]"
66,gradient_descent,0.11091804504394531,"NeuralNetwork(clip_max=5, early_stopping=True, hidden_nodes=[16])",6,0.7065217391304348,0.7142857142857143,0.2047685834502104,0.17857142857142858,"[-0.65223169 -4.46507169 -2.77591424 -4.68269435 -5.7734851  -4.48488852
 -4.91080745 -4.68382993 -6.04930998 -4.68192155 -5.21744461 -4.68382993
 -5.90602357 -4.67903723 -5.1028898  -4.68382993 -5.80231994 -4.67442468
 -5.04061545 -4.68382993 -5.75202501 -4.6734615  -5.01103376 -4.68382993
 -5.79771084 -4.67184351 -6.38433573 -4.68382993 -5.72695846 -4.68382993
 -5.62072816 -4.68382993 -5.73216914 -4.68382993 -5.69187413 -4.68382993
 -5.71537091 -4.68382993 -5.68916912 -4.68382993 -5.69732001 -4.68382993
 -5.68225944 -4.68382993 -5.68174486 -4.68382993 -5.67960273 -4.68382993
 -5.67532816 -4.68382993 -5.67486975 -4.68382993 -5.67488195 -4.68382993
 -5.6748876  -4.68382993 -5.67488799 -4.68382993 -5.67488797 -4.68382993
 -5.67488796 -4.68382993 -5.67488796 -4.68382993 -5.67488796 -4.68382993
 -5.67488796 -4.68382993 -5.67488796 -4.68382993 -5.67488796 -4.68382993
 -5.67488796 -4.68382993 -5.67488796 -4.68382993 -5.67488796 -4.68382993
 -5.67488796 -4.68382993 -5.67488796 -4.68382993 -5.67488796 -4.68382993
 -5.67488796 -4.68382993 -5.67488796 -4.68382993 -5.67488796 -4.68382993
 -5.67488796 -4.68382993 -5.67488796 -4.68382993 -5.67488796 -4.68382993
 -5.67488796 -4.68382993 -5.67488796 -4.68382993]"
67,gradient_descent,0.11347198486328125,"NeuralNetwork(clip_max=5, early_stopping=True, hidden_nodes=[16])",7,0.6030020703933747,0.6128364389233955,0.3242290748898678,0.3048327137546469,"[-0.69126055 -4.68382993 -3.19059335 -4.68339657 -5.47926142 -4.68382993
 -5.67122441 -4.68382993 -5.99844461 -4.68382993 -5.89125022 -4.68382993
 -5.84957498 -4.68382993 -5.75926402 -4.68382993 -5.72349635 -4.68382993
 -5.70424349 -4.68382993 -5.67733796 -4.68382993 -5.67475593 -4.68382993
 -5.67484171 -4.68382993 -5.67488653 -4.68382993 -5.67488821 -4.68382993
 -5.674888   -4.68382993 -5.67488796 -4.68382993 -5.67488796 -4.68382993
 -5.67488796 -4.68382993 -5.67488796 -4.68382993 -5.67488796 -4.68382993
 -5.67488796 -4.68382993 -5.67488796 -4.68382993 -5.67488796 -4.68382993
 -5.67488796 -4.68382993 -5.67488796 -4.68382993 -5.67488796 -4.68382993
 -5.67488796 -4.68382993 -5.67488796 -4.68382993 -5.67488796 -4.68382993
 -5.67488796 -4.68382993 -5.67488796 -4.68382993 -5.67488796 -4.68382993
 -5.67488796 -4.68382993 -5.67488796 -4.68382993 -5.67488796 -4.68382993
 -5.67488796 -4.68382993 -5.67488796 -4.68382993 -5.67488796 -4.68382993
 -5.67488796 -4.68382993 -5.67488796 -4.68382993 -5.67488796 -4.68382993
 -5.67488796 -4.68382993 -5.67488796 -4.68382993 -5.67488796 -4.68382993
 -5.67488796 -4.68382993 -5.67488796 -4.68382993 -5.67488796 -4.68382993
 -5.67488796 -4.68382993 -5.67488796 -4.68382993]"
68,gradient_descent,0.11484432220458984,"NeuralNetwork(clip_max=5, early_stopping=True, hidden_nodes=[16])",8,0.13561076604554864,0.13664596273291926,0.23883318140382861,0.24043715846994537,"[-1.79538136 -4.06710716 -3.08059237 -4.66613777 -5.5606231  -3.89172642
 -4.2152834  -4.68327875 -6.46508558 -4.14278201 -4.83941769 -4.68382993
 -6.1570499  -4.68049403 -5.03250378 -4.68382993 -6.23015399 -4.67676966
 -4.98517822 -4.68382993 -6.18375038 -4.67506533 -4.94097277 -4.68382993
 -6.16467531 -4.67461989 -4.93619292 -4.68382993 -6.15251906 -4.67410039
 -4.93360298 -4.68382993 -6.14724793 -4.67394706 -4.92836647 -4.68382993
 -6.14684511 -4.67394765 -4.92839322 -4.68382993 -6.1468508  -4.67394767
 -4.92839375 -4.68382993 -6.14685069 -4.67394767 -4.92839375 -4.68382993
 -6.14685069 -4.67394767 -4.92839375 -4.68382993 -6.14685069 -4.67394767
 -4.92839375 -4.68382993 -6.14685069 -4.67394767 -4.92839375 -4.68382993
 -6.14685069 -4.67394767 -4.92839375 -4.68382993 -6.14685069 -4.67394767
 -4.92839375 -4.68382993 -6.14685069 -4.67394767 -4.92839375 -4.68382993
 -6.14685069 -4.67394767 -4.92839375 -4.68382993 -6.14685069 -4.67394767
 -4.92839375 -4.68382993 -6.14685069 -4.67394767 -4.92839375 -4.68382993
 -6.14685069 -4.67394767 -4.92839375 -4.68382993 -6.14685069 -4.67394767
 -4.92839375 -4.68382993 -6.14685069 -4.67394767 -4.92839375 -4.68382993
 -6.14685069 -4.67394767 -4.92839375 -4.68382993]"
69,gradient_descent,0.1110987663269043,"NeuralNetwork(clip_max=5, early_stopping=True, hidden_nodes=[16])",9,0.8892339544513458,0.9006211180124224,0.45959595959595956,0.510204081632653,"[-0.63454712 -4.6801837  -3.5052825  -4.45889521 -5.27820134 -4.68382993
 -5.61904542 -4.68382993 -5.87249776 -4.68382993 -5.27784188 -4.68382993
 -7.28476223 -4.68346376 -5.14505862 -4.68382993 -6.254514   -4.68127105
 -5.08080582 -4.68382993 -6.23583988 -4.6774282  -5.02104768 -4.68382993
 -6.17962924 -4.67511422 -4.98033993 -4.68382993 -6.16695455 -4.67448219
 -4.95500535 -4.68382993 -6.15723442 -4.67415081 -4.93893219 -4.68382993
 -6.15052823 -4.67395959 -4.92875958 -4.68382993 -6.14683694 -4.67394745
 -4.9283827  -4.68382993 -6.14685044 -4.67394768 -4.9283938  -4.68382993
 -6.14685071 -4.67394767 -4.92839375 -4.68382993 -6.14685069 -4.67394767
 -4.92839375 -4.68382993 -6.14685069 -4.67394767 -4.92839375 -4.68382993
 -6.14685069 -4.67394767 -4.92839375 -4.68382993 -6.14685069 -4.67394767
 -4.92839375 -4.68382993 -6.14685069 -4.67394767 -4.92839375 -4.68382993
 -6.14685069 -4.67394767 -4.92839375 -4.68382993 -6.14685069 -4.67394767
 -4.92839375 -4.68382993 -6.14685069 -4.67394767 -4.92839375 -4.68382993
 -6.14685069 -4.67394767 -4.92839375 -4.68382993 -6.14685069 -4.67394767
 -4.92839375 -4.68382993 -6.14685069 -4.67394767 -4.92839375 -4.68382993
 -6.14685069 -4.67394767 -4.92839375 -4.68382993]"
70,gradient_descent,0.12292313575744629,"NeuralNetwork(clip_max=5, early_stopping=True, hidden_nodes=[16])",10,0.28778467908902694,0.2753623188405797,0.22435174746335965,0.2358078602620087,"[-0.8081112  -4.68382993 -2.7980679  -4.54295254 -4.57153351 -4.68382993
 -5.81879097 -4.68334398 -5.35332608 -4.68382993 -6.09183134 -4.67963487
 -5.18168758 -4.68382993 -6.25408598 -4.67620539 -5.04426814 -4.68382993
 -6.20169198 -4.67486204 -4.97420312 -4.68382993 -6.16213021 -4.67419102
 -4.94098137 -4.68382993 -6.15503573 -4.67397361 -4.92921156 -4.68382993
 -6.14681037 -4.67394716 -4.9283725  -4.68382993 -6.14685021 -4.67394768
 -4.92839385 -4.68382993 -6.14685071 -4.67394767 -4.92839375 -4.68382993
 -6.14685069 -4.67394767 -4.92839375 -4.68382993 -6.14685069 -4.67394767
 -4.92839375 -4.68382993 -6.14685069 -4.67394767 -4.92839375 -4.68382993
 -6.14685069 -4.67394767 -4.92839375 -4.68382993 -6.14685069 -4.67394767
 -4.92839375 -4.68382993 -6.14685069 -4.67394767 -4.92839375 -4.68382993
 -6.14685069 -4.67394767 -4.92839375 -4.68382993 -6.14685069 -4.67394767
 -4.92839375 -4.68382993 -6.14685069 -4.67394767 -4.92839375 -4.68382993
 -6.14685069 -4.67394767 -4.92839375 -4.68382993 -6.14685069 -4.67394767
 -4.92839375 -4.68382993 -6.14685069 -4.67394767 -4.92839375 -4.68382993
 -6.14685069 -4.67394767 -4.92839375 -4.68382993 -6.14685069 -4.67394767
 -4.92839375 -4.68382993 -6.14685069 -4.67394767]"
71,gradient_descent,0.11457586288452148,"NeuralNetwork(clip_max=5, early_stopping=True, hidden_nodes=[16])",11,0.8643892339544513,0.8633540372670807,0.0,0.0,"[-0.58842334 -4.68382993 -3.24254261 -4.58828007 -4.59538953 -4.68382993
 -6.33026874 -4.68289889 -5.2858212  -4.68382993 -6.34996348 -4.67792796
 -5.11758431 -4.68382993 -6.22866986 -4.67505945 -4.98438251 -4.68382993
 -6.16898925 -4.67401645 -4.93061663 -4.68382993 -6.14670151 -4.67394631
 -4.92834727 -4.68382993 -6.14684929 -4.67394768 -4.92839401 -4.68382993
 -6.14685079 -4.67394767 -4.92839375 -4.68382993 -6.14685069 -4.67394767
 -4.92839375 -4.68382993 -6.14685069 -4.67394767 -4.92839375 -4.68382993
 -6.14685069 -4.67394767 -4.92839375 -4.68382993 -6.14685069 -4.67394767
 -4.92839375 -4.68382993 -6.14685069 -4.67394767 -4.92839375 -4.68382993
 -6.14685069 -4.67394767 -4.92839375 -4.68382993 -6.14685069 -4.67394767
 -4.92839375 -4.68382993 -6.14685069 -4.67394767 -4.92839375 -4.68382993
 -6.14685069 -4.67394767 -4.92839375 -4.68382993 -6.14685069 -4.67394767
 -4.92839375 -4.68382993 -6.14685069 -4.67394767 -4.92839375 -4.68382993
 -6.14685069 -4.67394767 -4.92839375 -4.68382993 -6.14685069 -4.67394767
 -4.92839375 -4.68382993 -6.14685069 -4.67394767 -4.92839375 -4.68382993
 -6.14685069 -4.67394767 -4.92839375 -4.68382993 -6.14685069 -4.67394767
 -4.92839375 -4.68382993 -6.14685069 -4.67394767]"
72,gradient_descent,0.12608814239501953,"NeuralNetwork(clip_max=5, early_stopping=True, hidden_nodes=[16])",12,0.7236024844720497,0.7308488612836439,0.21005917159763313,0.16666666666666666,"[-0.61305883 -4.68382993 -3.14949449 -4.68382993 -5.54197864 -4.68382993
 -5.80190156 -4.68382993 -5.99352865 -4.68382993 -5.87802026 -4.68382993
 -5.84845773 -4.68382993 -5.7587583  -4.68382993 -5.73176152 -4.68382993
 -5.70966904 -4.68382993 -5.68739046 -4.68382993 -5.67907086 -4.68382993
 -5.67527787 -4.68382993 -5.67487006 -4.68382993 -5.6748826  -4.68382993
 -5.67488764 -4.68382993 -5.67488799 -4.68382993 -5.67488797 -4.68382993
 -5.67488796 -4.68382993 -5.67488796 -4.68382993 -5.67488796 -4.68382993
 -5.67488796 -4.68382993 -5.67488796 -4.68382993 -5.67488796 -4.68382993
 -5.67488796 -4.68382993 -5.67488796 -4.68382993 -5.67488796 -4.68382993
 -5.67488796 -4.68382993 -5.67488796 -4.68382993 -5.67488796 -4.68382993
 -5.67488796 -4.68382993 -5.67488796 -4.68382993 -5.67488796 -4.68382993
 -5.67488796 -4.68382993 -5.67488796 -4.68382993 -5.67488796 -4.68382993
 -5.67488796 -4.68382993 -5.67488796 -4.68382993 -5.67488796 -4.68382993
 -5.67488796 -4.68382993 -5.67488796 -4.68382993 -5.67488796 -4.68382993
 -5.67488796 -4.68382993 -5.67488796 -4.68382993 -5.67488796 -4.68382993
 -5.67488796 -4.68382993 -5.67488796 -4.68382993 -5.67488796 -4.68382993
 -5.67488796 -4.68382993 -5.67488796 -4.68382993]"
73,gradient_descent,0.11271905899047852,"NeuralNetwork(clip_max=5, early_stopping=True, hidden_nodes=[16])",13,0.8643892339544513,0.8633540372670807,0.0,0.0,"[-0.43650455 -4.68216076 -3.50560876 -2.77423141 -2.48553947 -4.67538314
 -6.68879335 -2.88416186 -3.13196757 -4.6788481  -6.57493262 -2.89860026
 -3.04631045 -4.67828146 -6.59390499 -2.91524203 -2.94888155 -4.67807196
 -6.68882977 -2.9184594  -2.91429998 -4.6777664  -6.64926371 -2.9218691
 -2.88373974 -4.67797872 -6.61093342 -2.93082278 -2.86156525 -4.67811208
 -7.87039638 -2.94182581 -2.70355834 -4.67797776 -6.59566928 -2.94727896
 -2.80053386 -4.67805675 -6.72094794 -2.9493663  -2.82123397 -4.67805952
 -6.73781434 -2.95000657 -2.82598472 -4.6780633  -6.7451141  -2.95038626
 -2.82589659 -4.67806833 -6.75178494 -2.95091018 -2.8249732  -4.6780747
 -6.75668964 -2.9516388  -2.82483544 -4.67807984 -6.76106619 -2.95218512
 -2.82852285 -4.67807917 -6.75720666 -2.95217725 -2.8281051  -4.67807864
 -6.75665259 -2.95217174 -2.82804179 -4.67807864 -6.75665438 -2.95217182
 -2.82804299 -4.67807864 -6.75665456 -2.95217183 -2.82804301 -4.67807864
 -6.75665456 -2.95217183 -2.82804301 -4.67807864 -6.75665456 -2.95217183
 -2.82804301 -4.67807864 -6.75665456 -2.95217183 -2.82804301 -4.67807864
 -6.75665456 -2.95217183 -2.82804301 -4.67807864 -6.75665456 -2.95217183
 -2.82804301 -4.67807864 -6.75665456 -2.95217183]"
74,gradient_descent,0.11262798309326172,"NeuralNetwork(clip_max=5, early_stopping=True, hidden_nodes=[16])",14,0.8643892339544513,0.8633540372670807,0.0,0.0,"[-0.46758413 -4.68382993 -3.57308253 -4.40121192 -4.82590761 -4.68382993
 -6.4660429  -4.67700354 -5.10793708 -4.68382993 -6.35767073 -4.67879911
 -5.12057802 -4.68382993 -6.23130954 -4.67539956 -4.97900887 -4.68382993
 -6.16665155 -4.67415222 -4.93527435 -4.68382993 -6.147181   -4.67394606
 -4.92833686 -4.68382993 -6.14684187 -4.67394766 -4.92839345 -4.68382993
 -6.14685084 -4.67394767 -4.92839376 -4.68382993 -6.14685069 -4.67394767
 -4.92839375 -4.68382993 -6.14685069 -4.67394767 -4.92839375 -4.68382993
 -6.14685069 -4.67394767 -4.92839375 -4.68382993 -6.14685069 -4.67394767
 -4.92839375 -4.68382993 -6.14685069 -4.67394767 -4.92839375 -4.68382993
 -6.14685069 -4.67394767 -4.92839375 -4.68382993 -6.14685069 -4.67394767
 -4.92839375 -4.68382993 -6.14685069 -4.67394767 -4.92839375 -4.68382993
 -6.14685069 -4.67394767 -4.92839375 -4.68382993 -6.14685069 -4.67394767
 -4.92839375 -4.68382993 -6.14685069 -4.67394767 -4.92839375 -4.68382993
 -6.14685069 -4.67394767 -4.92839375 -4.68382993 -6.14685069 -4.67394767
 -4.92839375 -4.68382993 -6.14685069 -4.67394767 -4.92839375 -4.68382993
 -6.14685069 -4.67394767 -4.92839375 -4.68382993 -6.14685069 -4.67394767
 -4.92839375 -4.68382993 -6.14685069 -4.67394767]"
75,gradient_descent,0.11251997947692871,"NeuralNetwork(clip_max=5, early_stopping=True, hidden_nodes=[16])",15,0.13509316770186336,0.13664596273291926,0.2380300957592339,0.24043715846994537,"[-1.45411522 -4.22354    -2.95637757 -4.67311517 -5.54672609 -4.15304387
 -4.51871113 -4.68264805 -6.63110363 -4.1489318  -4.37045357 -4.68308127
 -6.55139374 -4.14414943 -4.23364415 -4.68337177 -6.48861946 -4.13967586
 -4.11349197 -4.68347467 -6.43497134 -4.13890634 -4.08142874 -4.68353047
 -6.40997588 -4.13862766 -4.07085151 -4.68354755 -6.40099196 -4.13852758
 -4.06699952 -4.68355    -6.39802229 -4.13850979 -4.06674305 -4.68355002
 -6.39806185 -4.1385099  -4.06674453 -4.68355002 -6.39806179 -4.1385099
 -4.06674452 -4.68355002 -6.39806179 -4.1385099  -4.06674452 -4.68355002
 -6.39806179 -4.1385099  -4.06674452 -4.68355002 -6.39806179 -4.1385099
 -4.06674452 -4.68355002 -6.39806179 -4.1385099  -4.06674452 -4.68355002
 -6.39806179 -4.1385099  -4.06674452 -4.68355002 -6.39806179 -4.1385099
 -4.06674452 -4.68355002 -6.39806179 -4.1385099  -4.06674452 -4.68355002
 -6.39806179 -4.1385099  -4.06674452 -4.68355002 -6.39806179 -4.1385099
 -4.06674452 -4.68355002 -6.39806179 -4.1385099  -4.06674452 -4.68355002
 -6.39806179 -4.1385099  -4.06674452 -4.68355002 -6.39806179 -4.1385099
 -4.06674452 -4.68355002 -6.39806179 -4.1385099  -4.06674452 -4.68355002
 -6.39806179 -4.1385099  -4.06674452 -4.68355002]"
76,gradient_descent,0.11255192756652832,"NeuralNetwork(clip_max=5, early_stopping=True, hidden_nodes=[16])",16,0.13561076604554864,0.13664596273291926,0.23883318140382861,0.24043715846994537,"[-2.25577029 -3.63988813 -2.68187593 -4.67117544 -5.43599891 -3.53191113
 -3.76553979 -4.67999995 -6.7142402  -3.54840295 -3.70022011 -4.68035622
 -6.78384775 -3.54638921 -3.59671425 -4.6805542  -6.74928264 -3.54625419
 -3.5297933  -4.68071152 -6.70731374 -3.54636521 -3.48849208 -4.68079467
 -6.66899633 -3.54643422 -3.45774117 -4.68085735 -6.64121331 -3.54640191
 -3.4427898  -4.68088685 -6.62041145 -3.54629148 -3.43220388 -4.68090902
 -6.60333927 -3.54612977 -3.42288986 -4.68092821 -6.58573763 -3.54598534
 -3.41500081 -4.6809449  -6.57163474 -3.54588834 -3.41055389 -4.68095404
 -6.56009054 -3.54581938 -3.40715526 -4.68096024 -6.55054116 -3.54576964
 -3.40378861 -4.68096747 -6.54056438 -3.54573246 -3.40056922 -4.68097439
 -6.53316322 -3.54573368 -3.39938624 -4.68097601 -6.52944007 -3.54576385
 -3.3984082  -4.68097822 -6.52649423 -3.54581678 -3.39813574 -4.6809795
 -6.52594356 -3.54590795 -3.39956434 -4.68097787 -6.52725341 -3.54602743
 -3.40126394 -4.68097648 -6.52884399 -3.54617261 -3.40314906 -4.68097534
 -6.5308234  -3.54634949 -3.40522836 -4.68097455 -6.53320075 -3.54656502
 -3.40750228 -4.68097421 -6.53602015 -3.5468269  -3.41073642 -4.68097205
 -6.53945099 -3.54714096 -3.41491229 -4.68096805]"
77,gradient_descent,0.11350202560424805,"NeuralNetwork(clip_max=5, early_stopping=True, hidden_nodes=[16])",17,0.13561076604554864,0.13664596273291926,0.23883318140382861,0.24043715846994537,"[-1.57017313 -3.73321563 -2.01828078 -4.63199409 -4.9205953  -4.27771268
 -4.74661225 -4.68382993 -6.02812189 -4.6813914  -5.1877924  -4.68382993
 -6.00103726 -4.67728017 -5.06421861 -4.68382993 -6.07177298 -4.67608827
 -4.99915688 -4.68382993 -6.18784937 -4.67518819 -4.97933525 -4.68382993
 -6.16805    -4.6745489  -4.95797601 -4.68382993 -6.15880951 -4.67420254
 -4.94156825 -4.68382993 -6.15028714 -4.67395908 -4.92874131 -4.68382993
 -6.14683834 -4.67394746 -4.92838319 -4.68382993 -6.14685044 -4.67394768
 -4.92839378 -4.68382993 -6.14685071 -4.67394767 -4.92839375 -4.68382993
 -6.14685069 -4.67394767 -4.92839375 -4.68382993 -6.14685069 -4.67394767
 -4.92839375 -4.68382993 -6.14685069 -4.67394767 -4.92839375 -4.68382993
 -6.14685069 -4.67394767 -4.92839375 -4.68382993 -6.14685069 -4.67394767
 -4.92839375 -4.68382993 -6.14685069 -4.67394767 -4.92839375 -4.68382993
 -6.14685069 -4.67394767 -4.92839375 -4.68382993 -6.14685069 -4.67394767
 -4.92839375 -4.68382993 -6.14685069 -4.67394767 -4.92839375 -4.68382993
 -6.14685069 -4.67394767 -4.92839375 -4.68382993 -6.14685069 -4.67394767
 -4.92839375 -4.68382993 -6.14685069 -4.67394767 -4.92839375 -4.68382993
 -6.14685069 -4.67394767 -4.92839375 -4.68382993]"
78,gradient_descent,0.116912841796875,"NeuralNetwork(clip_max=5, early_stopping=True, hidden_nodes=[16])",18,0.13561076604554864,0.13664596273291926,0.23883318140382861,0.24043715846994537,"[-1.32519954 -3.38689024 -1.79827454 -4.64617911 -5.35295433 -2.26678618
 -2.45459828 -4.67234218 -7.5712265  -2.21844089 -2.1365704  -4.66351277
 -6.91275821 -2.29144444 -2.41409514 -4.66932393 -6.9127956  -2.29917947
 -2.38833634 -4.67083091 -6.89972221 -2.30526604 -2.36696416 -4.671634
 -6.87192914 -2.30986161 -2.34977821 -4.67240163 -6.84879284 -2.31367415
 -2.33405402 -4.67325219 -6.83776814 -2.31702699 -2.32200043 -4.67397533
 -6.83736663 -2.3196346  -2.31082696 -4.67464875 -6.84424425 -2.32199899
 -2.29780485 -4.67502413 -6.85487048 -2.32455598 -2.28722888 -4.67504171
 -6.86348038 -2.326393   -2.28297188 -4.6750449  -6.87155258 -2.32699629
 -2.28286015 -4.67504081 -6.87974798 -2.32688831 -2.28221882 -4.67504096
 -6.88551056 -2.32688926 -2.28126087 -4.67504101 -6.89091867 -2.32703249
 -2.28016654 -4.67504138 -6.89334812 -2.32726745 -2.2786675  -4.67504024
 -6.89435184 -2.32762749 -2.27665405 -4.67503921 -6.89477216 -2.32813705
 -2.2741332  -4.67503931 -6.89313283 -2.32877074 -2.27077213 -4.67504166
 -6.89127637 -2.32955623 -2.26640093 -4.67504825 -6.8901195  -2.33051546
 -2.26559404 -4.67504788 -6.8896105  -2.33046938 -2.26561802 -4.67504802
 -6.89235159 -2.33033717 -2.26553241 -4.67504846]"
79,gradient_descent,0.12228679656982422,"NeuralNetwork(clip_max=5, early_stopping=True, hidden_nodes=[16])",19,0.13561076604554864,0.13664596273291926,0.23883318140382861,0.24043715846994537,"[-1.45661955 -4.68382993 -3.52064241 -4.67843255 -5.55617628 -4.68382993
 -5.30853928 -4.68382993 -6.40125147 -4.68191562 -5.15747347 -4.68382993
 -6.25538338 -4.6771532  -5.00712067 -4.68382993 -6.17468494 -4.67448097
 -4.94651716 -4.68382993 -6.14798875 -4.67394469 -4.92827765 -4.68382993
 -6.14682592 -4.67394762 -4.92838754 -4.68382993 -6.14685093 -4.67394768
 -4.9283938  -4.68382993 -6.1468507  -4.67394767 -4.92839375 -4.68382993
 -6.14685069 -4.67394767 -4.92839375 -4.68382993 -6.14685069 -4.67394767
 -4.92839375 -4.68382993 -6.14685069 -4.67394767 -4.92839375 -4.68382993
 -6.14685069 -4.67394767 -4.92839375 -4.68382993 -6.14685069 -4.67394767
 -4.92839375 -4.68382993 -6.14685069 -4.67394767 -4.92839375 -4.68382993
 -6.14685069 -4.67394767 -4.92839375 -4.68382993 -6.14685069 -4.67394767
 -4.92839375 -4.68382993 -6.14685069 -4.67394767 -4.92839375 -4.68382993
 -6.14685069 -4.67394767 -4.92839375 -4.68382993 -6.14685069 -4.67394767
 -4.92839375 -4.68382993 -6.14685069 -4.67394767 -4.92839375 -4.68382993
 -6.14685069 -4.67394767 -4.92839375 -4.68382993 -6.14685069 -4.67394767
 -4.92839375 -4.68382993 -6.14685069 -4.67394767 -4.92839375 -4.68382993
 -6.14685069 -4.67394767 -4.92839375 -4.68382993]"
